Date,Time,"Virtual Memory Commited [MB]","Virtual Memory Available [MB]","Virtual Memory Load [%]","Physical Memory Used [MB]","Physical Memory Available [MB]","Physical Memory Load [%]","Page File Usage [%]","Core 0 VID [V]","Core 1 VID [V]","Core 2 VID [V]","Core 3 VID [V]","Uncore VID [V]","SA VID [V]","Core 0 Clock (perf #1) [MHz]","Core 1 Clock (perf #1) [MHz]","Core 2 Clock (perf #1) [MHz]","Core 3 Clock (perf #1) [MHz]","Bus Clock [MHz]","Ring/LLC Clock [MHz]","PCIe Clock [MHz]","Core 0 T0 Effective Clock [MHz]","Core 0 T1 Effective Clock [MHz]","Core 1 T0 Effective Clock [MHz]","Core 1 T1 Effective Clock [MHz]","Core 2 T0 Effective Clock [MHz]","Core 2 T1 Effective Clock [MHz]","Core 3 T0 Effective Clock [MHz]","Core 3 T1 Effective Clock [MHz]","Average Effective Clock [MHz]","Core 0 T0 Usage [%]","Core 0 T1 Usage [%]","Core 1 T0 Usage [%]","Core 1 T1 Usage [%]","Core 2 T0 Usage [%]","Core 2 T1 Usage [%]","Core 3 T0 Usage [%]","Core 3 T1 Usage [%]","Max CPU/Thread Usage [%]","Total CPU Usage [%]","On-Demand Clock Modulation [%]","Core 0 Ratio [x]","Core 1 Ratio [x]","Core 2 Ratio [x]","Core 3 Ratio [x]","Uncore Ratio [x]","Core 0 [°C]","Core 1 [°C]","Core 2 [°C]","Core 3 [°C]","Core 0 Distance to TjMAX [°C]","Core 1 Distance to TjMAX [°C]","Core 2 Distance to TjMAX [°C]","Core 3 Distance to TjMAX [°C]","CPU Package [°C]","Core Max [°C]","Core 0 Thermal Throttling [Yes/No]","Core 1 Thermal Throttling [Yes/No]","Core 2 Thermal Throttling [Yes/No]","Core 3 Thermal Throttling [Yes/No]","Core 0 Critical Temperature [Yes/No]","Core 1 Critical Temperature [Yes/No]","Core 2 Critical Temperature [Yes/No]","Core 3 Critical Temperature [Yes/No]","Core 0 Power Limit Exceeded [Yes/No]","Core 1 Power Limit Exceeded [Yes/No]","Core 2 Power Limit Exceeded [Yes/No]","Core 3 Power Limit Exceeded [Yes/No]","Package/Ring Thermal Throttling [Yes/No]","Package/Ring Critical Temperature [Yes/No]","Package/Ring Power Limit Exceeded [Yes/No]","CPU Package [°C]","CPU IA Cores [°C]","CPU GT Cores (Graphics) [°C]","iGPU VID [V]","IA Voltage Offset [V]","GT (Slice) Voltage Offset [V]","CLR (CBo/LLC/Ring) Voltage Offset [V]","Uncore/SA Voltage Offset [V]","CPU Package Power [W]","IA Cores Power [W]","GT Cores Power [W]","System Agent Power [W]","Rest-of-Chip Power [W]","PL1 Power Limit [W]","PL2 Power Limit [W]","PCH Power [W]","GPU Clock [MHz]","GPU D3D Usage [%]","GPU GT Usage [%]","GPU Media Engine Usage [%]","GPU Video Decode 0 Usage [%]","GPU Video Decode 1 Usage [%]","GPU Video Processing 0 Usage [%]","GPU D3D Memory Dynamic [MB]","Current cTDP Level []","Package C2 Residency [%]","Package C3 Residency [%]","Package C6 Residency [%]","Package C7 Residency [%]","Package C8 Residency [%]","Core 0 T0 C0 Residency [%]","Core 0 T1 C0 Residency [%]","Core 1 T0 C0 Residency [%]","Core 1 T1 C0 Residency [%]","Core 2 T0 C0 Residency [%]","Core 2 T1 C0 Residency [%]","Core 3 T0 C0 Residency [%]","Core 3 T1 C0 Residency [%]","Core 0 C7 Residency [%]","Core 1 C7 Residency [%]","Core 2 C7 Residency [%]","Core 3 C7 Residency [%]","Memory Clock [MHz]","Memory Clock Ratio [x]","Tcas [T]","Trcd [T]","Trp [T]","Tras [T]","Trfc [T]","Command Rate [T]","IA: PROCHOT [Yes/No]","IA: Thermal Event [Yes/No]","IA: Residency State Regulation [Yes/No]","IA: Running Average Thermal Limit [Yes/No]","IA: VR Thermal Alert [Yes/No]","IA: VR TDC [Yes/No]","IA: Electrical Design Point/Other (ICCmax,PL4,SVID,DDR RAPL) [Yes/No]","IA: Package-Level RAPL/PBM PL1 [Yes/No]","IA: Package-Level RAPL/PBM PL2,PL3 [Yes/No]","IA: Max Turbo Limit [Yes/No]","IA: Turbo Attenuation (MCT) [Yes/No]","GT: Thermal Event [Yes/No]","GT: DDR RAPL [Yes/No]","GT: Residency State Regulation [Yes/No]","GT: Running Average Thermal Limit [Yes/No]","GT: VR Thermal Alert [Yes/No]","GT: VR TDC [Yes/No]","GT: Max VR Voltage, ICCmax, PL4 [Yes/No]","GT: Domain-Level PBM PLGT [Yes/No]","GT: Package-Level RAPL/PBM PL1 [Yes/No]","GT: Package-Level RAPL/PBM PL2,PL3 [Yes/No]","GT: Inefficient Operation [Yes/No]","GT: Fuses limit [Yes/No]","RING: VR Thermal Alert [Yes/No]","RING: VR TDC [Yes/No]","RING: Max VR Voltage, ICCmax, PL4 [Yes/No]","RING: Package-Level RAPL/PBM PL1 [Yes/No]","RING: Package-Level RAPL/PBM PL2,PL3 [Yes/No]","Drive Temperature [°C]","Drive Remaining Life [%]","Drive Failure [Yes/No]","Drive Warning [Yes/No]","Total Host Writes [GB]","Total Host Reads [GB]","Drive Temperature [°C]","Drive Remaining Life [%]","Drive Failure [Yes/No]","Drive Warning [Yes/No]","Total Host Writes [GB]","Total Host Reads [GB]","Read Activity [%]","Write Activity [%]","Total Activity [%]","Read Rate [MB/s]","Write Rate [MB/s]","Read Total [MB]","Write Total [MB]","Battery Voltage [V]","Remaining Capacity [Wh]","Charge Level [%]","Wear Level [%]","Framerate [FPS]","Total DL [MB]","Total UP [MB]","Current DL rate [KB/s]","Current UP rate [KB/s]","Total Errors []",
10.2.2021,14:36:56.202,13233,8983,59.5,8994,2982,75.0,7.7,0.902,1.037,0.870,0.882,0.816,0.728,2195.2,3093.2,1995.6,2095.4,99.8,2095.4,99.8,1115.8,1071.2,1140.7,1064.1,1223.5,1227.3,1138.9,1116.0,1137.2,52.6,55.7,57.2,55.7,55.7,56.4,58.7,58.7,58.7,56.3,100.0,22.0,31.0,20.0,21.0,21.0,73,70,69,67,27,30,31,33,73,73,No,No,No,No,No,No,No,No,No,No,No,No,No,No,No,73,73,64,0.802,0.000,0.000,0.000,0.000,14.836,9.791,2.107,0.700,1.543,13.750,40.000,0.637,449.0,65.9,100.0,0.0,0.0,0.0,0.0,568,0,0.0,0.0,0.0,0.0,0.0,53.1,49.2,56.2,52.6,56.4,57.0,56.2,53.8,0.0,0.0,0.0,0.0,1330.4,13.33,19,19,19,43,467,1,No,No,No,No,No,No,Yes,No,No,Yes,No,No,No,No,No,No,No,Yes,No,No,No,No,No,No,No,Yes,No,No,39,100.0,No,No,1831,1538,37,99.0,No,No,2323,1519,1.7,0.7,2.4,0.520,0.478,54108,46864,11.473,7.819,20.3,0.0,60,6722,292,0.031,0.026,0,
10.2.2021,14:36:58.252,13211,9005,59.4,8975,3001,74.9,7.7,0.902,1.035,1.027,0.800,0.863,0.726,2195.2,3093.2,2993.4,1696.3,99.8,2394.7,99.8,1012.4,975.9,1260.0,1169.7,1186.3,1070.0,1139.1,1155.1,1121.1,47.7,48.4,56.0,49.2,53.0,45.4,53.7,57.5,57.5,51.4,100.0,22.0,31.0,30.0,17.0,24.0,74,75,73,69,26,25,27,31,75,75,No,No,No,No,No,No,No,No,No,No,No,No,No,No,No,76,76,65,0.805,0.000,0.000,0.000,0.000,15.367,10.553,1.955,0.679,1.533,13.750,40.000,0.594,498.9,70.9,100.0,0.0,0.0,0.0,0.0,568,0,0.0,0.0,0.0,0.0,0.0,48.1,45.6,55.1,50.7,53.0,48.2,51.9,52.4,0.0,0.0,0.0,0.0,1330.4,13.33,19,19,19,43,467,1,No,No,No,No,No,No,Yes,No,No,Yes,No,No,No,No,No,No,No,Yes,No,No,No,No,No,No,No,Yes,No,No,39,100.0,No,No,1831,1538,37,99.0,No,No,2323,1519,1.8,0.1,1.9,0.219,0.364,54109,46865,11.368,7.819,20.3,0.0,60,6722,292,3.557,1.402,0,
10.2.2021,14:37:0.308,13212,9004,59.4,8969,3007,74.8,7.7,0.887,1.020,1.042,0.700,0.848,0.726,2095.4,2993.4,3093.2,1197.4,99.8,2294.9,99.8,1087.0,932.6,1271.7,1055.4,1153.5,1099.5,1130.5,1093.6,1103.0,45.8,42.7,56.4,40.4,46.5,59.5,48.0,50.3,59.5,48.7,100.0,21.0,30.0,31.0,12.0,23.0,74,72,76,67,26,28,24,33,74,76,No,No,No,No,No,No,No,No,No,No,No,No,No,No,No,77,77,65,0.790,0.000,0.000,0.000,0.000,15.138,10.172,2.057,0.706,1.539,13.750,40.000,0.603,399.1,69.7,100.0,0.0,0.0,0.0,0.0,574,0,0.0,0.0,0.0,0.0,0.0,51.7,43.9,55.7,46.3,51.8,51.1,52.6,50.7,0.0,0.0,0.0,0.0,1330.4,13.33,19,19,19,43,467,1,No,No,No,No,No,No,Yes,No,No,Yes,No,No,No,No,No,No,No,Yes,No,No,No,No,No,No,No,Yes,No,No,39,100.0,No,No,1831,1538,37,99.0,No,No,2323,1519,2.1,0.8,2.8,0.606,0.979,54110,46867,11.350,7.831,20.4,0.0,60,6722,292,0.964,0.690,0,
10.2.2021,14:37:2.382,13212,9004,59.4,8975,3001,74.9,7.7,0.872,0.987,0.717,0.945,0.878,0.726,1995.6,2793.8,1297.1,2494.5,99.8,2494.5,99.8,983.1,874.1,1122.2,1102.5,1165.2,1076.4,1021.2,985.5,1041.3,41.6,40.9,40.1,46.9,46.2,46.9,46.2,41.6,46.9,43.8,100.0,20.0,28.0,13.0,25.0,25.0,71,73,69,68,29,27,31,32,73,73,No,No,No,No,No,No,No,No,No,No,No,No,No,No,No,76,76,64,0.813,0.000,0.000,0.000,0.000,14.795,10.071,1.859,0.736,1.505,13.750,40.000,0.568,498.9,68.7,100.0,0.0,0.0,0.0,0.0,568,0,0.0,0.0,0.0,0.0,0.0,48.0,42.4,50.2,49.2,50.4,47.7,48.6,47.0,0.0,0.0,0.0,0.0,1330.4,13.33,19,19,19,43,467,1,No,No,No,No,No,No,Yes,No,No,Yes,No,No,No,No,No,No,No,Yes,No,No,No,No,No,No,No,Yes,No,No,39,100.0,No,No,1831,1538,35,99.0,No,No,2323,1519,2.0,0.3,2.3,0.209,0.233,54110,46868,11.414,7.831,20.4,0.0,60,6722,292,4.826,1.430,0,
10.2.2021,14:37:4.432,13250,8966,59.6,9016,2960,75.2,7.7,0.785,0.905,0.900,1.005,0.878,0.726,1596.5,2294.9,2195.2,2893.6,99.8,2494.5,99.8,1234.2,1196.7,1422.1,1285.3,1297.0,1229.3,1472.7,1371.4,1313.6,54.1,47.3,63.1,58.6,54.1,51.8,57.8,58.6,63.1,55.7,100.0,16.0,23.0,22.0,29.0,25.0,72,75,73,79,28,25,27,21,83,79,No,No,No,No,No,No,No,No,No,No,No,No,No,No,No,81,81,66,0.800,0.000,0.000,0.000,0.000,16.901,12.032,1.959,0.704,1.560,13.750,40.000,0.590,449.0,70.3,100.0,0.0,0.0,0.0,0.0,578,0,0.0,0.0,0.0,0.0,0.0,52.6,50.9,58.4,52.7,55.9,52.7,59.7,55.6,0.0,0.0,0.0,0.0,1330.4,13.33,19,19,19,43,467,1,No,No,No,No,No,No,Yes,No,No,Yes,No,No,No,No,No,No,No,Yes,No,No,No,No,No,No,No,Yes,No,No,39,100.0,No,No,1831,1538,37,99.0,No,No,2323,1519,2.0,0.5,2.5,0.579,0.659,54111,46869,11.330,7.831,20.4,0.0,60,6722,292,2.651,1.244,0,
10.2.2021,14:37:6.486,13260,8956,59.6,9016,2960,75.2,7.7,0.715,0.905,0.702,1.020,0.876,0.686,1297.1,2294.9,1197.4,2993.4,99.8,2494.5,99.8,1073.2,1014.8,1269.3,1102.7,1252.4,1118.1,1292.1,1247.0,1171.2,50.7,48.4,60.0,50.7,49.2,50.0,51.5,56.9,60.0,52.2,100.0,13.0,23.0,12.0,30.0,25.0,76,79,71,79,24,21,29,21,79,79,No,No,No,No,No,No,No,No,No,No,No,No,No,No,No,80,80,64,0.790,0.000,0.000,0.000,0.000,16.253,11.602,1.746,0.733,1.518,13.750,40.000,0.604,399.1,77.0,100.0,0.0,0.0,0.0,0.0,575,0,0.0,0.0,0.0,0.0,0.0,47.4,44.6,53.5,46.5,52.3,48.2,53.4,51.0,0.0,0.0,0.0,0.0,1330.4,13.33,19,19,19,43,467,1,No,No,No,No,No,No,Yes,No,No,Yes,No,No,No,No,No,No,No,Yes,No,No,No,No,No,No,No,Yes,No,No,39,100.0,No,No,1831,1538,36,99.0,No,No,2323,1519,1.6,0.4,2.0,0.226,0.231,54112,46869,11.370,7.831,20.4,0.0,60,6722,292,9.215,1.415,0,
10.2.2021,14:37:8.527,13260,8956,59.6,9025,2951,75.3,7.7,0.950,0.942,1.075,0.702,0.971,0.686,2493.9,2493.9,3291.9,1197.1,99.8,3092.4,99.8,1112.2,967.3,1276.3,1188.4,1173.9,1105.1,1145.5,1098.4,1133.4,46.2,50.7,57.5,56.8,49.2,48.4,50.0,49.2,57.5,51.0,100.0,25.0,25.0,33.0,12.0,31.0,72,66,73,68,28,34,27,32,73,73,No,No,No,No,No,No,No,No,No,No,No,No,No,No,No,75,75,65,0.000,0.000,0.000,0.000,0.000,15.435,10.799,1.734,0.736,1.520,13.500,40.000,0.597,0.0,66.0,100.0,0.0,0.0,0.0,0.0,581,0,0.0,0.0,0.0,0.0,0.0,50.4,43.3,53.8,49.9,52.1,49.8,51.3,49.1,0.0,0.0,0.0,0.0,1330.1,13.33,19,19,19,43,467,1,No,No,No,No,No,No,Yes,No,No,Yes,No,No,No,No,No,No,No,Yes,No,No,No,No,No,No,No,Yes,No,No,39,100.0,No,No,1831,1538,36,99.0,No,No,2323,1519,1.8,0.9,2.7,0.288,0.453,54112,46870,11.439,7.831,20.4,0.0,60,6722,292,138.271,3.604,0,
10.2.2021,14:37:10.578,13253,8963,59.6,9018,2958,75.3,7.7,1.063,0.862,0.867,0.700,0.953,0.726,3193.0,1995.6,1995.6,1197.4,99.8,2993.4,99.8,1051.9,945.0,1258.0,1190.1,1225.5,1127.2,1278.3,1108.9,1148.1,45.3,44.6,46.1,42.3,56.9,44.6,53.0,43.0,56.9,47.0,100.0,32.0,20.0,20.0,12.0,30.0,75,70,71,68,25,30,29,32,75,75,No,No,No,No,No,No,No,No,No,No,No,No,No,No,No,77,77,64,0.790,0.000,0.000,0.000,0.000,15.999,11.461,1.655,0.726,1.515,13.500,40.000,0.595,399.1,65.6,100.0,0.0,0.0,0.0,0.0,581,0,0.0,0.0,0.0,0.0,0.0,47.1,42.3,51.7,48.9,51.3,48.0,53.8,46.7,0.0,0.0,0.0,0.0,1197.4,12.00,17,17,17,39,420,2,No,No,No,No,No,No,Yes,No,No,Yes,No,No,No,No,No,No,No,Yes,No,No,No,No,No,No,No,Yes,No,No,39,100.0,No,No,1831,1538,35,99.0,No,No,2323,1519,2.6,0.4,3.0,0.311,0.250,54113,46871,11.362,7.831,20.4,0.0,60,6722,292,8.355,2.576,0,
10.2.2021,14:37:12.616,13258,8958,59.6,9023,2953,75.3,7.7,0.935,0.982,0.825,1.005,0.831,0.726,2394.1,2793.2,1795.6,2892.9,99.8,2194.6,99.8,1032.7,938.2,1118.9,1039.7,1153.3,1109.4,1203.5,1122.1,1089.7,41.2,40.4,45.8,45.0,43.5,43.5,45.8,43.5,45.8,43.6,100.0,24.0,28.0,18.0,29.0,22.0,74,84,72,82,26,16,28,18,84,84,No,No,No,No,No,No,No,No,No,No,No,No,No,No,No,83,83,64,0.000,0.000,0.000,0.000,0.000,15.225,10.661,1.719,0.751,1.489,13.500,40.000,0.556,0.0,69.5,100.0,0.0,0.0,0.0,0.0,581,0,0.0,0.0,0.0,0.0,0.0,46.1,42.3,50.0,46.3,47.6,47.9,52.5,49.2,0.0,0.0,0.0,0.0,1330.1,13.33,19,19,19,43,467,1,No,No,No,No,No,No,Yes,No,No,Yes,No,No,No,No,No,No,No,Yes,No,No,No,No,No,No,No,Yes,No,No,39,100.0,No,No,1831,1538,35,99.0,No,No,2323,1519,2.0,0.7,2.7,0.299,0.473,54114,46872,11.381,7.842,20.4,0.0,60,6722,292,96.992,2.310,0,
10.2.2021,14:37:14.675,13240,8976,59.5,9000,2976,75.1,7.7,0.705,0.697,1.060,0.897,0.771,0.726,1197.4,1197.4,3193.0,2195.2,99.8,1796.0,99.8,1228.7,1044.0,1383.4,1172.8,1090.4,985.3,1099.5,1062.9,1133.4,55.7,45.0,44.2,44.2,44.2,35.1,50.3,48.8,55.7,45.9,100.0,12.0,12.0,32.0,22.0,18.0,71,67,73,67,29,33,27,33,71,73,No,No,No,No,No,No,No,No,No,No,No,No,No,No,No,74,74,65,0.823,0.000,0.000,0.000,0.000,15.638,11.003,1.796,0.745,1.494,13.500,40.000,0.549,548.8,58.5,100.0,0.0,0.0,0.0,0.0,587,0,0.0,0.0,0.0,0.0,0.0,51.4,43.6,55.8,47.6,49.3,44.5,50.6,48.4,0.0,0.0,0.0,0.0,1330.4,13.33,19,19,19,43,467,1,No,No,No,No,No,No,Yes,No,No,Yes,No,No,No,No,No,No,No,Yes,No,No,No,No,No,No,No,Yes,No,No,39,100.0,No,No,1831,1538,35,99.0,No,No,2323,1519,1.2,0.4,1.6,0.214,0.155,54114,46872,11.304,7.842,20.4,0.0,60,6722,292,1.100,0.541,0,
10.2.2021,14:37:16.731,13263,8953,59.7,9020,2956,75.3,7.7,0.980,0.985,0.975,0.970,0.816,0.726,2694.1,2793.8,2694.1,2694.1,99.8,2095.4,99.8,1183.4,1141.6,1306.6,1220.4,1407.2,1192.3,1371.6,1213.7,1254.6,53.7,62.1,62.8,56.8,57.5,55.3,65.9,56.8,65.9,58.9,100.0,27.0,28.0,27.0,27.0,21.0,81,79,77,82,19,21,23,18,81,82,No,No,No,No,No,No,No,No,No,No,No,No,No,No,No,83,83,67,0.000,0.000,0.000,0.000,0.000,16.853,12.196,1.756,0.718,1.530,13.500,40.000,0.603,0.0,69.2,100.0,0.0,0.0,0.0,0.0,581,0,0.0,0.0,0.0,0.0,0.0,50.6,48.3,55.0,51.5,56.3,48.5,57.6,50.0,0.0,0.0,0.0,0.0,1197.4,12.00,17,17,17,39,420,2,No,No,No,No,No,No,Yes,No,No,Yes,No,No,No,No,No,No,No,Yes,No,No,No,No,No,No,No,Yes,No,No,39,100.0,No,No,1831,1538,36,99.0,No,No,2323,1519,2.2,0.3,2.5,0.325,0.653,54115,46873,11.349,7.842,20.4,0.0,60,6722,292,53.345,4.814,0,
10.2.2021,14:37:18.782,13286,8930,59.8,9041,2935,75.4,7.7,0.902,0.837,0.902,0.895,0.801,0.726,2194.6,1895.4,2194.6,2194.6,99.8,1995.1,99.8,1250.9,1097.0,1463.6,1341.7,1176.7,1107.5,1397.4,1295.8,1266.3,52.6,49.6,54.9,54.9,54.1,47.3,60.3,54.9,60.3,53.6,100.0,22.0,19.0,22.0,22.0,20.0,74,74,71,72,26,26,29,28,74,74,No,No,No,No,No,No,No,No,Yes,Yes,Yes,Yes,No,No,Yes,76,76,65,0.823,0.000,0.000,0.000,0.000,16.728,12.135,1.737,0.744,1.531,13.500,40.000,0.535,548.7,54.6,100.0,0.0,0.0,0.0,0.0,581,0,0.0,0.0,0.0,0.0,0.0,54.6,48.0,58.8,53.2,54.6,51.1,57.7,53.8,0.0,0.0,0.0,0.0,1330.1,13.33,19,19,19,43,467,1,No,No,No,No,No,No,Yes,Yes,No,Yes,No,No,No,No,No,No,No,Yes,No,No,No,No,No,No,No,Yes,No,No,39,100.0,No,No,1831,1538,35,99.0,No,No,2323,1519,1.5,0.3,1.7,0.121,0.166,54115,46874,11.316,7.842,20.4,0.0,60,6722,292,35.895,3.015,0,
10.2.2021,14:37:20.813,13262,8954,59.6,9032,2944,75.4,7.7,0.985,0.975,0.982,0.822,0.878,0.726,2694.1,2694.1,2694.1,1796.0,99.8,2494.5,99.8,952.4,905.3,1005.5,917.4,908.8,858.8,996.2,923.9,933.5,48.0,44.2,51.1,50.3,49.6,43.5,58.0,57.2,58.0,50.2,100.0,27.0,27.0,27.0,18.0,25.0,71,68,69,70,29,32,31,30,71,71,No,No,No,No,No,No,No,No,Yes,Yes,Yes,Yes,No,No,Yes,72,72,63,0.825,0.000,0.000,0.000,0.000,12.158,7.812,1.519,0.745,1.472,13.500,40.000,0.572,548.8,56.1,88.7,0.0,0.0,0.0,0.0,581,0,0.0,0.0,0.0,0.0,0.0,50.4,47.2,54.2,49.5,49.0,46.7,54.0,51.2,0.0,0.0,0.0,0.0,1330.4,13.33,19,19,19,43,467,1,No,No,No,No,No,No,Yes,Yes,No,No,No,No,No,No,No,No,No,Yes,No,No,No,Yes,No,No,No,Yes,No,No,39,100.0,No,No,1831,1538,36,99.0,No,No,2323,1519,1.8,0.9,2.7,0.181,0.417,54115,46874,11.513,7.854,20.4,0.0,60,6722,292,15.476,1.234,0,
10.2.2021,14:37:22.874,13323,8893,59.9,9094,2882,75.9,7.7,0.850,0.840,0.850,0.845,0.756,0.726,1895.4,1895.4,1895.4,1895.4,99.8,1695.9,99.8,1025.6,1054.2,1142.1,1162.7,1076.3,1055.5,1174.2,1121.6,1101.5,48.4,46.9,63.0,61.5,57.6,51.5,61.5,54.6,63.0,55.6,100.0,19.0,19.0,19.0,19.0,17.0,72,70,68,70,28,30,32,30,72,72,No,No,No,No,No,No,No,No,Yes,Yes,Yes,Yes,No,No,Yes,72,72,64,0.823,0.000,0.000,0.000,0.000,13.554,9.166,1.408,0.769,1.520,13.500,40.000,0.658,548.7,53.4,81.3,0.0,0.0,0.0,0.0,581,0,0.0,0.0,0.0,0.0,0.0,51.9,53.6,59.6,60.8,55.1,54.2,61.8,57.9,0.0,0.0,0.0,0.0,1330.1,13.33,19,19,19,43,467,1,No,No,No,No,No,No,Yes,Yes,No,No,No,No,No,No,No,No,No,Yes,No,No,No,No,No,No,No,Yes,No,No,39,100.0,No,No,1831,1538,35,99.0,No,No,2323,1519,11.1,1.1,12.2,10.965,1.833,54137,46878,11.500,7.854,20.4,0.0,60,6722,292,36.222,4.057,0,
10.2.2021,14:37:24.939,13312,8904,59.9,9076,2900,75.7,7.7,0.887,0.840,0.805,0.882,0.786,0.726,2095.9,1896.3,1696.7,2095.9,99.8,1896.3,99.8,1158.5,1171.9,1267.0,1207.7,1226.7,1210.1,1225.1,1237.9,1213.1,61.3,65.9,68.9,68.9,71.9,69.6,71.2,77.2,77.2,69.4,100.0,21.0,19.0,17.0,21.0,19.0,71,71,70,65,29,29,30,35,71,71,No,No,No,No,No,No,No,No,Yes,Yes,Yes,Yes,No,No,Yes,71,71,63,0.000,0.000,0.000,0.000,0.000,12.713,7.917,1.679,0.727,1.604,13.500,40.000,0.743,0.0,58.5,87.0,0.0,0.0,0.0,0.0,581,0,0.0,0.0,0.0,0.0,0.0,67.5,68.0,72.7,70.0,70.4,70.3,72.3,72.9,0.0,0.0,0.0,0.0,1330.7,13.33,19,19,19,43,467,1,No,No,No,No,No,No,No,Yes,No,No,No,No,No,No,No,No,No,No,No,No,No,Yes,No,No,No,No,No,No,39,100.0,No,No,1831,1538,37,99.0,No,No,2323,1519,1.1,8.2,9.3,0.774,2.906,54138,46884,11.420,7.854,20.4,0.0,60,6722,292,4.825,1.795,0,
10.2.2021,14:37:26.991,13312,8904,59.9,9075,2901,75.7,7.7,0.875,0.865,0.872,0.900,0.848,0.728,1995.6,1995.6,1995.6,2195.2,99.8,2294.9,99.8,978.6,860.2,1080.8,973.8,1018.4,913.1,1006.8,981.7,976.7,45.1,44.3,54.1,48.8,50.3,43.6,53.3,51.1,54.1,48.8,100.0,20.0,20.0,20.0,22.0,23.0,68,65,64,66,32,35,36,34,68,68,No,No,No,No,No,No,No,No,Yes,Yes,Yes,Yes,No,No,Yes,70,70,61,0.813,0.000,0.000,0.000,0.000,12.722,8.293,1.625,0.709,1.475,13.500,40.000,0.575,498.9,61.1,92.1,0.0,0.0,0.0,0.0,587,0,0.0,0.0,0.0,0.0,0.0,49.0,43.1,54.3,49.9,53.3,47.8,53.2,52.6,0.0,0.0,0.0,0.0,1330.4,13.33,19,19,19,43,467,1,No,No,No,No,No,No,Yes,Yes,No,No,No,No,No,No,No,No,No,Yes,No,No,No,No,No,No,No,Yes,No,No,39,100.0,No,No,1831,1538,35,99.0,No,No,2323,1519,2.6,0.3,3.0,1.796,0.722,54142,46885,11.419,7.866,20.5,0.0,60,6722,292,5.204,1.129,0,
10.2.2021,14:37:29.048,13306,8910,59.8,9078,2898,75.7,7.7,0.875,0.960,0.707,0.992,0.863,0.686,1995.6,2594.3,1197.4,2793.8,99.8,2394.7,99.8,925.8,817.7,1118.0,1009.1,990.1,909.8,1043.9,843.3,957.2,47.3,42.7,50.3,49.6,53.4,46.5,54.9,44.2,54.9,48.6,100.0,20.0,26.0,12.0,28.0,24.0,70,67,67,67,30,33,33,33,70,70,No,No,No,No,No,No,No,No,Yes,Yes,Yes,Yes,No,No,Yes,71,71,63,0.000,0.000,0.000,0.000,0.000,12.942,8.618,1.526,0.754,1.470,13.500,40.000,0.534,0.0,60.5,91.8,0.0,0.0,0.0,0.0,581,0,0.0,0.0,0.0,0.0,0.0,46.6,41.3,53.3,49.1,50.9,47.0,53.8,43.5,0.0,0.0,0.0,0.0,1330.4,13.33,19,19,19,43,467,1,No,No,No,No,No,No,Yes,Yes,No,No,No,No,No,No,No,No,No,Yes,No,No,No,No,No,No,No,Yes,No,No,39,100.0,No,No,1831,1538,36,99.0,No,No,2323,1519,0.5,1.4,1.9,0.029,0.905,54142,46887,11.373,7.866,20.5,0.0,60,6723,292,10.295,1.307,0,
10.2.2021,14:37:31.086,13306,8910,59.8,9073,2903,75.7,7.7,0.827,0.910,0.737,0.915,0.816,0.728,1796.0,2294.9,1396.9,2294.9,99.8,2095.4,99.8,1084.8,1016.4,1208.0,1106.0,1100.5,1064.6,1113.5,1079.0,1096.6,54.1,47.3,57.2,51.1,53.4,54.1,61.8,54.9,61.8,54.2,100.0,18.0,23.0,14.0,23.0,21.0,73,71,70,69,27,29,30,31,73,73,No,No,No,No,No,No,No,No,Yes,Yes,Yes,Yes,No,No,Yes,73,73,64,0.815,0.000,0.000,0.000,0.000,13.691,9.108,1.696,0.729,1.522,13.500,40.000,0.594,498.9,61.0,99.9,0.0,0.0,0.0,0.0,581,0,0.0,0.0,0.0,0.0,0.0,52.9,48.9,57.7,53.5,55.6,53.8,56.7,55.0,0.0,0.0,0.0,0.0,1330.4,13.33,19,19,19,43,467,1,No,No,No,No,No,No,Yes,Yes,No,No,No,No,No,No,No,No,No,Yes,No,No,No,No,No,No,No,Yes,No,No,39,100.0,No,No,1831,1538,36,99.0,No,No,2323,1519,0.8,1.3,2.1,0.194,0.520,54142,46888,11.492,7.877,20.5,0.0,60,6723,292,1.047,1.177,0,
10.2.2021,14:37:33.141,13306,8910,59.8,9072,2904,75.7,7.7,0.952,0.960,0.782,0.702,0.863,0.906,2494.5,2594.3,1596.5,1197.4,99.8,2394.7,99.8,1009.8,868.4,1089.2,1012.9,1084.3,924.2,1005.9,967.5,995.3,51.1,51.1,50.3,49.6,54.9,50.3,52.6,51.9,54.9,51.5,100.0,25.0,26.0,16.0,12.0,24.0,69,67,68,65,31,33,32,35,69,69,No,No,No,No,No,No,No,No,Yes,Yes,Yes,Yes,No,No,Yes,69,69,64,0.815,0.000,0.000,0.000,0.000,13.015,8.569,1.619,0.725,1.485,13.500,40.000,0.573,498.9,60.8,94.3,0.0,0.0,0.0,0.0,581,0,0.0,0.0,0.0,0.0,0.0,51.2,44.0,53.7,50.6,56.3,48.1,51.8,50.9,0.0,0.0,0.0,0.0,1330.4,13.33,19,19,19,43,467,1,No,No,No,No,No,No,Yes,Yes,No,No,No,No,No,No,No,No,No,Yes,No,No,No,No,No,No,No,Yes,No,No,39,100.0,No,No,1831,1538,36,99.0,No,No,2323,1519,2.3,0.5,2.8,0.173,0.573,54143,46889,11.503,7.877,20.5,0.0,60,6723,292,0.450,0.513,0,
10.2.2021,14:37:35.186,13305,8911,59.8,9065,2911,75.6,7.7,0.742,0.942,0.920,0.867,0.771,0.728,1396.9,2494.5,2294.9,1995.6,99.8,1796.0,99.8,1069.4,906.6,1207.4,1073.7,1043.1,970.3,1066.3,978.2,1039.4,50.3,46.5,54.1,48.8,49.6,46.5,56.4,55.7,56.4,51.0,100.0,14.0,25.0,23.0,20.0,18.0,69,69,66,64,31,31,34,36,69,69,No,No,No,No,No,No,No,No,Yes,Yes,Yes,Yes,No,No,Yes,70,70,62,0.813,0.000,0.000,0.000,0.000,13.489,9.074,1.623,0.727,1.483,13.500,40.000,0.535,498.9,59.7,95.2,0.0,0.0,0.0,0.0,581,0,0.0,0.0,0.0,0.0,0.0,52.8,44.7,56.3,50.4,51.0,47.7,54.6,49.9,0.0,0.0,0.0,0.0,1330.4,13.33,19,19,19,43,467,1,No,No,No,No,No,No,Yes,Yes,No,No,No,No,No,No,No,No,No,Yes,No,No,No,No,No,No,No,Yes,No,No,39,100.0,No,No,1831,1538,34,99.0,No,No,2323,1519,3.1,0.4,3.5,0.451,0.645,54143,46890,11.462,7.877,20.5,0.0,60,6723,292,127.764,5.285,0,
10.2.2021,14:37:37.247,13310,8906,59.9,9065,2911,75.6,7.7,0.938,0.945,1.010,0.715,0.893,0.728,2394.7,2494.5,2893.6,1297.1,99.8,2594.3,99.8,1064.2,990.0,1119.0,1086.1,1089.0,1016.2,1030.7,987.9,1047.9,50.0,50.0,59.8,60.6,62.8,50.7,57.5,56.8,62.8,56.0,100.0,24.0,25.0,29.0,13.0,26.0,69,66,75,65,31,34,25,35,69,75,No,No,No,No,No,No,No,No,Yes,Yes,Yes,Yes,No,No,Yes,76,76,64,0.000,0.000,0.000,0.000,0.000,12.905,8.417,1.689,0.701,1.500,13.500,40.000,0.551,0.0,60.1,92.6,0.0,0.0,0.0,0.0,581,0,0.0,0.0,0.0,0.0,0.0,53.6,50.0,57.2,55.7,56.1,52.5,55.8,53.7,0.0,0.0,0.0,0.0,1330.4,13.33,19,19,19,43,467,1,No,No,No,No,No,No,Yes,Yes,No,No,No,No,No,No,No,No,No,Yes,No,No,No,No,No,No,No,Yes,No,No,39,100.0,No,No,1831,1538,35,99.0,No,No,2323,1519,0.4,2.0,2.4,0.311,0.660,54144,46892,11.510,7.889,20.5,0.0,60,6723,292,188.716,3.494,0,
10.2.2021,14:37:39.296,13294,8922,59.8,9055,2921,75.6,7.7,0.938,0.927,0.935,0.735,0.833,0.906,2394.7,2394.7,2394.7,1396.9,99.8,2195.2,99.8,1061.0,905.5,1192.1,1054.8,1072.4,998.7,1052.5,1008.0,1043.1,44.2,36.6,60.3,44.2,46.5,57.2,54.9,51.9,60.3,49.5,100.0,24.0,24.0,24.0,14.0,22.0,71,68,69,68,29,32,31,32,71,71,No,No,No,No,No,No,No,No,Yes,Yes,Yes,Yes,No,No,Yes,72,72,63,0.813,0.000,0.000,0.000,0.000,13.953,9.485,1.686,0.717,1.488,13.500,40.000,0.529,498.9,60.0,98.5,0.0,0.0,0.0,0.0,581,0,0.0,0.0,0.0,0.0,0.0,49.9,42.6,54.1,48.1,51.7,48.1,52.2,49.9,0.0,0.0,0.0,0.0,1330.4,13.33,19,19,19,43,467,1,No,No,No,No,No,No,Yes,Yes,No,No,No,No,No,No,No,No,No,Yes,No,No,No,No,No,No,No,Yes,No,No,39,100.0,No,No,1831,1538,35,99.0,No,No,2323,1519,0.6,0.6,1.2,0.061,0.050,54144,46892,11.408,7.889,20.5,0.0,60,6723,292,22.107,0.886,0,
10.2.2021,14:37:41.357,13326,8890,59.9,9083,2893,75.8,7.7,0.872,0.862,0.867,0.822,0.771,0.906,1995.1,1995.1,1995.1,1795.6,99.8,1795.6,99.8,1151.0,1059.6,1245.5,1157.5,1131.7,1054.3,1157.2,1166.2,1140.4,53.7,50.7,61.3,52.2,59.8,55.3,56.8,59.8,61.3,56.2,100.0,20.0,20.0,20.0,18.0,18.0,75,68,70,70,25,32,30,30,75,75,No,No,No,No,No,No,No,No,Yes,Yes,Yes,Yes,No,No,Yes,74,74,64,0.000,0.000,0.000,0.000,0.000,13.716,9.263,1.661,0.714,1.510,13.500,40.000,0.526,0.0,63.9,95.1,0.0,0.0,0.0,0.0,581,0,0.0,0.0,0.0,0.0,0.0,56.7,52.4,60.3,56.4,57.9,53.6,58.9,59.8,0.0,0.0,0.0,0.0,1330.1,13.33,19,19,19,43,467,1,No,No,No,No,No,No,Yes,Yes,No,No,No,No,No,No,No,No,No,Yes,No,No,No,No,No,No,No,Yes,No,No,39,100.0,No,No,1831,1538,34,99.0,No,No,2323,1519,0.5,0.5,1.0,0.037,0.202,54144,46892,11.480,7.889,20.5,0.0,60,6723,292,1.251,0.757,0,
10.2.2021,14:37:43.402,13299,8917,59.8,9062,2914,75.6,7.7,0.807,0.867,0.707,0.702,0.771,0.906,1696.3,1995.6,1197.4,1197.4,99.8,1796.0,99.8,1086.0,940.0,1173.2,1022.2,1168.9,1102.1,1085.1,1071.7,1081.2,52.6,52.6,58.7,45.8,61.0,53.4,57.2,59.5,61.0,55.1,100.0,17.0,20.0,12.0,12.0,18.0,69,66,66,64,31,34,34,36,69,69,No,No,No,No,No,No,No,No,Yes,Yes,Yes,Yes,No,No,Yes,69,69,62,0.815,0.000,0.000,0.000,0.000,13.038,8.684,1.578,0.706,1.501,13.500,40.000,0.527,498.9,60.5,92.4,0.0,0.0,0.0,0.0,581,0,0.0,0.0,0.0,0.0,0.0,55.1,47.4,59.4,52.1,60.5,57.1,57.7,56.7,0.0,0.0,0.0,0.0,1197.4,12.00,17,17,17,39,420,2,No,No,No,No,No,No,Yes,Yes,No,No,No,No,No,No,No,No,No,Yes,No,No,No,No,No,No,No,Yes,No,No,39,100.0,No,No,1831,1538,34,99.0,No,No,2323,1519,0.4,0.7,1.1,0.073,0.199,54144,46892,11.461,7.900,20.6,0.0,60,6723,292,0.553,0.368,0,
10.2.2021,14:37:45.451,13299,8917,59.8,9063,2913,75.6,7.7,0.952,0.712,0.952,1.025,0.893,0.728,2494.5,1297.1,2494.5,2993.4,99.8,2594.3,99.8,868.6,779.9,961.6,895.1,949.4,872.2,899.0,869.3,886.9,31.2,35.1,42.7,39.6,44.2,41.2,39.6,41.2,44.2,39.4,100.0,25.0,13.0,25.0,30.0,26.0,69,68,67,69,31,32,33,31,69,69,No,No,No,No,No,No,No,No,Yes,Yes,Yes,Yes,No,No,Yes,70,70,62,0.815,0.000,0.000,0.000,0.000,12.894,8.702,1.363,0.765,1.446,13.500,40.000,0.583,498.9,61.2,92.9,0.0,0.0,0.0,0.0,581,0,0.0,0.0,0.0,0.0,0.0,39.7,36.2,46.3,43.2,47.9,44.0,45.7,44.8,0.0,0.0,0.0,0.0,1197.4,12.00,17,17,17,39,420,2,No,No,No,No,No,No,Yes,Yes,No,No,No,No,No,No,No,No,No,Yes,No,No,No,No,No,No,No,Yes,No,No,39,100.0,No,No,1831,1538,35,99.0,No,No,2323,1519,0.5,0.8,1.4,0.164,0.371,54145,46893,11.395,7.900,20.6,0.0,60,6723,292,15.116,0.293,0,
10.2.2021,14:37:47.500,13299,8917,59.8,9064,2912,75.6,7.7,0.887,1.007,0.887,0.992,0.971,0.688,2095.4,2893.6,2095.4,2793.8,99.8,3093.2,99.8,833.8,751.1,937.6,783.6,726.0,620.2,804.3,681.4,767.3,31.0,26.5,40.1,26.5,25.0,28.7,33.3,31.8,40.1,30.4,100.0,21.0,29.0,21.0,28.0,31.0,73,68,68,67,27,32,32,33,73,73,No,No,No,No,No,No,No,No,Yes,Yes,Yes,Yes,No,No,Yes,73,73,63,0.792,0.000,0.000,0.000,0.000,13.003,8.912,1.304,0.871,1.378,13.500,40.000,0.502,399.1,62.3,93.4,0.0,0.0,0.0,0.0,581,0,0.0,0.0,0.0,0.0,0.0,35.2,31.6,40.5,33.7,33.4,28.9,37.5,31.8,2.5,0.0,2.5,4.7,1330.4,13.33,19,19,19,43,467,1,No,No,No,No,No,No,Yes,Yes,No,Yes,No,No,No,No,No,No,No,Yes,No,No,No,No,No,No,No,Yes,No,No,39,100.0,No,No,1831,1538,34,99.0,No,No,2323,1519,0.5,0.2,0.8,0.033,0.058,54145,46893,11.479,7.912,20.6,0.0,60,6723,292,0.243,0.876,0,
10.2.2021,14:37:49.554,13332,8884,60.0,9087,2889,75.8,7.7,0.872,0.797,0.870,0.865,0.771,0.728,1995.6,1696.3,1995.6,1995.6,99.8,1796.0,99.8,1175.8,1103.6,1251.0,1131.6,1185.2,1161.8,1271.3,1137.8,1177.3,47.6,50.7,56.9,50.0,53.8,56.1,59.2,57.6,59.2,54.0,100.0,20.0,17.0,20.0,20.0,18.0,72,69,69,70,28,31,31,30,72,72,No,No,No,No,No,No,No,No,Yes,Yes,Yes,Yes,No,No,Yes,72,71,63,0.813,0.000,0.000,0.000,0.000,14.828,10.231,1.720,0.732,1.529,13.500,40.000,0.569,498.9,64.4,100.0,0.0,0.0,0.0,0.0,581,0,0.0,0.0,0.0,0.0,0.0,53.8,50.2,58.3,52.9,57.4,56.1,61.5,55.5,0.0,0.0,0.0,0.0,1330.4,13.33,19,19,19,43,467,1,No,No,No,No,No,No,Yes,Yes,No,Yes,No,No,No,No,No,No,No,Yes,No,No,No,No,No,No,No,Yes,No,No,39,100.0,No,No,1831,1538,35,99.0,No,No,2323,1519,0.8,1.0,1.8,0.146,0.374,54145,46894,11.372,7.912,20.6,0.0,60,6723,292,2.144,1.492,0,
10.2.2021,14:37:51.625,13338,8878,60.0,9096,2880,75.9,7.7,0.952,0.757,0.920,0.947,0.893,0.688,2493.9,1496.3,2294.4,2493.9,99.8,2593.7,99.8,962.0,899.8,1054.4,958.9,1027.0,982.1,999.3,966.6,981.3,49.2,47.7,56.8,46.9,59.0,53.7,48.4,56.0,59.0,52.2,100.0,25.0,15.0,23.0,25.0,26.0,69,64,69,66,31,36,31,34,69,69,No,No,No,No,No,No,No,No,Yes,Yes,Yes,Yes,No,No,Yes,71,71,61,0.000,0.000,0.000,0.000,0.000,12.425,7.970,1.736,0.673,1.469,13.500,40.000,0.533,0.0,57.3,83.0,0.0,0.0,0.0,0.0,581,0,0.0,0.0,0.0,0.0,0.0,50.3,47.3,56.5,51.4,56.3,53.6,55.8,53.6,0.0,0.0,0.0,0.0,1197.1,12.00,17,17,17,39,420,2,No,No,No,No,No,No,Yes,Yes,No,No,No,No,No,No,No,No,No,Yes,No,No,No,No,No,No,No,Yes,No,No,39,100.0,No,No,1831,1538,33,99.0,No,No,2323,1519,1.5,0.4,2.0,0.117,0.135,54145,46894,11.512,7.912,20.6,0.0,60,6723,292,0.608,0.419,0,
10.2.2021,14:37:53.663,13334,8882,60.0,9092,2884,75.9,7.7,1.047,1.007,1.030,0.780,0.938,0.686,3092.4,2892.9,2992.7,1596.1,99.8,2892.9,99.8,956.9,838.6,932.7,932.3,911.5,862.6,935.8,921.9,911.5,37.1,37.1,45.4,44.6,43.9,35.6,46.9,43.9,46.9,41.8,100.0,31.0,29.0,30.0,16.0,29.0,73,66,68,64,27,34,32,36,73,73,No,No,No,No,No,No,No,No,Yes,Yes,Yes,Yes,No,No,Yes,72,72,62,0.805,0.000,0.000,0.000,0.000,13.494,9.206,1.506,0.753,1.454,13.500,40.000,0.532,448.9,64.6,100.0,0.0,0.0,0.0,0.0,581,0,0.0,0.0,0.0,0.0,0.0,42.9,38.4,42.7,43.5,43.1,41.5,44.6,44.1,0.0,0.0,0.0,0.7,1330.1,13.33,19,19,19,43,467,1,No,No,No,No,No,No,Yes,Yes,No,Yes,No,No,No,No,No,No,No,Yes,No,No,No,No,No,No,No,Yes,No,No,39,100.0,No,No,1831,1538,35,99.0,No,No,2323,1519,1.6,0.3,1.9,0.113,0.192,54146,46895,11.477,7.923,20.6,0.0,60,6723,292,2.139,0.102,0,
10.2.2021,14:37:55.712,13314,8902,59.9,9068,2908,75.7,7.7,0.952,0.752,0.950,0.927,0.848,0.728,2493.9,1496.3,2493.9,2394.1,99.8,2294.4,99.8,1157.5,975.4,1242.5,1081.2,1185.8,1099.5,1208.9,1116.8,1133.5,59.5,48.0,58.0,43.5,55.7,50.3,58.7,48.8,59.5,52.8,100.0,25.0,15.0,25.0,24.0,23.0,72,70,69,71,28,30,31,29,72,72,No,No,No,No,No,No,No,No,Yes,Yes,Yes,Yes,No,No,Yes,72,72,62,0.815,0.000,0.000,0.000,0.000,13.990,9.640,1.582,0.729,1.493,13.500,40.000,0.505,498.8,59.7,94.7,0.0,0.0,0.0,0.0,581,0,0.0,0.0,0.0,0.0,0.0,55.6,46.6,60.1,52.1,58.5,54.6,60.0,54.4,0.0,0.0,0.0,0.3,1330.1,13.33,19,19,19,43,467,1,No,No,No,No,No,No,Yes,Yes,No,No,No,No,No,No,No,No,No,Yes,No,No,No,No,No,No,No,Yes,No,No,39,100.0,No,No,1831,1538,34,99.0,No,No,2323,1519,0.6,0.3,0.9,0.115,0.190,54146,46895,11.502,7.923,20.6,0.0,60,6723,292,4.373,1.911,0,
10.2.2021,14:37:57.764,13344,8872,60.0,9090,2886,75.9,7.7,0.697,0.777,0.707,0.947,0.698,0.688,1097.6,1596.5,1197.4,2494.5,99.8,1297.1,99.8,1080.0,985.1,1262.8,1144.9,1172.5,1069.9,1140.7,1103.9,1120.0,58.0,43.5,61.0,56.4,62.5,60.3,57.2,65.6,65.6,58.1,100.0,11.0,16.0,12.0,25.0,13.0,68,68,66,65,32,32,34,35,69,68,No,No,No,No,No,No,No,No,Yes,Yes,Yes,Yes,No,No,Yes,69,69,61,0.815,0.000,0.000,0.000,0.000,13.258,8.876,1.609,0.701,1.513,13.500,40.000,0.519,498.9,59.4,93.2,0.0,0.0,0.0,0.0,581,0,0.0,0.0,0.0,0.0,0.0,54.2,50.4,63.7,57.7,61.2,56.1,59.6,58.1,0.0,0.0,0.0,0.0,1330.4,13.33,19,19,19,43,467,1,No,No,No,No,No,No,Yes,Yes,No,No,No,No,No,No,No,No,No,Yes,No,No,No,No,No,No,No,Yes,No,No,39,100.0,No,No,1831,1538,33,99.0,No,No,2323,1519,0.4,0.5,0.9,0.025,0.030,54146,46895,11.501,7.923,20.6,0.0,60,6723,292,0.607,0.348,0,
10.2.2021,14:37:59.804,13303,8913,59.8,9066,2910,75.7,7.7,0.850,1.052,0.785,1.057,0.956,0.728,1895.8,3193.0,1596.5,3193.0,99.8,2993.4,99.8,974.4,793.7,1037.4,921.8,1008.5,912.8,965.2,898.4,939.0,50.0,37.8,53.7,44.6,53.0,43.9,50.0,47.7,53.7,47.6,100.0,19.0,32.0,16.0,32.0,30.0,72,72,65,70,28,28,35,30,72,72,No,No,No,No,No,No,No,No,Yes,Yes,Yes,Yes,No,No,Yes,73,73,61,0.792,0.000,0.000,0.000,0.000,12.896,8.617,1.451,0.803,1.458,13.500,40.000,0.529,399.1,56.9,92.2,0.0,0.0,0.0,0.0,581,0,0.0,0.0,0.0,0.0,0.0,48.5,40.2,51.7,46.4,50.5,45.7,51.1,47.7,0.0,0.0,1.4,0.0,1197.4,12.00,17,17,17,39,420,2,No,No,No,No,No,No,Yes,Yes,No,No,No,No,No,No,No,No,No,Yes,No,No,No,No,No,No,No,Yes,No,No,39,100.0,No,No,1831,1538,34,99.0,No,No,2323,1519,1.4,0.7,2.1,0.042,0.155,54146,46895,11.443,7.935,20.6,0.0,60,6723,292,17.313,1.561,0,
10.2.2021,14:38:1.842,13308,8908,59.9,9069,2907,75.7,7.7,0.967,0.957,0.950,0.960,0.863,0.728,2594.3,2594.3,2494.5,2594.3,99.8,2394.7,99.8,940.3,817.3,1046.0,999.6,997.0,864.3,901.8,889.8,932.0,38.4,38.4,41.5,42.3,42.3,36.1,37.6,39.2,42.3,39.5,100.0,26.0,26.0,25.0,26.0,24.0,73,70,69,69,27,30,31,31,73,73,No,No,No,No,No,No,No,No,Yes,Yes,Yes,Yes,No,No,Yes,74,74,63,0.815,0.000,0.000,0.000,0.000,14.039,9.854,1.418,0.742,1.435,13.500,40.000,0.551,498.9,65.6,96.3,0.0,0.0,0.0,0.0,587,0,0.0,0.0,0.0,0.0,0.0,40.3,36.0,45.8,43.6,44.5,39.2,42.0,41.4,0.0,0.9,4.6,2.8,1330.4,13.33,19,19,19,43,467,1,No,No,No,No,No,No,Yes,Yes,No,Yes,No,No,No,No,No,No,No,Yes,No,No,No,No,No,No,No,Yes,No,No,39,100.0,No,No,1831,1538,34,99.0,No,No,2323,1519,0.8,0.5,1.3,0.048,0.142,54146,46896,11.443,7.935,20.6,0.0,60,6723,292,1.173,1.766,0,
10.2.2021,14:38:3.887,13311,8905,59.9,9068,2908,75.7,7.7,0.807,0.945,0.705,0.947,0.848,0.728,1696.3,2494.5,1197.4,2494.5,99.8,2294.9,99.8,1004.9,945.5,1075.1,1049.5,927.7,865.3,1042.8,934.9,980.7,51.5,38.4,47.6,56.1,40.7,36.9,55.3,44.6,56.1,46.4,100.0,17.0,25.0,12.0,25.0,23.0,73,67,67,64,27,33,33,36,73,73,No,No,No,No,No,No,No,No,Yes,Yes,Yes,Yes,No,No,Yes,74,74,62,0.000,0.000,0.000,0.000,0.000,13.315,9.029,1.500,0.762,1.462,13.500,40.000,0.523,0.0,60.9,94.8,0.0,0.0,0.0,0.0,581,0,0.0,0.0,0.0,0.0,0.0,48.4,45.8,51.7,50.9,47.9,45.2,52.7,47.2,0.0,0.0,0.0,0.0,1330.4,13.33,19,19,19,43,467,1,No,No,No,No,No,No,Yes,Yes,No,Yes,No,No,No,No,No,No,No,Yes,No,No,No,No,No,No,No,Yes,No,No,39,100.0,No,No,1831,1538,33,99.0,No,No,2323,1519,1.7,0.0,1.7,0.044,0.003,54146,46896,11.412,7.935,20.6,0.0,60,6723,292,48.947,1.244,0,
10.2.2021,14:38:5.946,13310,8906,59.9,9067,2909,75.7,7.7,1.063,0.900,0.707,0.900,0.956,0.728,3193.0,2195.2,1197.4,2195.2,99.8,2993.4,99.8,939.5,844.2,1042.3,943.7,961.9,886.0,900.4,898.3,927.0,52.2,46.2,49.2,40.9,47.7,40.9,45.4,46.2,52.2,46.1,100.0,32.0,22.0,12.0,22.0,30.0,69,66,66,64,31,34,34,36,69,69,No,No,No,No,No,No,No,No,Yes,Yes,Yes,Yes,No,No,Yes,70,70,62,0.000,0.000,0.000,0.000,0.000,12.941,8.625,1.563,0.741,1.446,13.500,40.000,0.524,0.0,61.1,95.8,0.0,0.0,0.0,0.0,581,0,0.0,0.0,0.0,0.0,0.0,47.8,42.3,49.9,46.1,49.7,46.2,47.5,47.2,0.0,0.0,0.0,0.0,1197.4,12.00,17,17,17,39,420,2,No,No,No,No,No,No,Yes,Yes,No,Yes,No,No,No,No,No,No,No,Yes,No,No,No,No,No,No,No,Yes,No,No,39,100.0,No,No,1831,1538,33,99.0,No,No,2323,1519,1.2,0.2,1.4,0.029,0.051,54146,46896,11.493,7.946,20.7,0.0,60,6723,292,0.864,0.574,0,
10.2.2021,14:38:7.999,13327,8889,59.9,9086,2890,75.8,7.7,0.905,0.867,0.762,0.900,0.801,0.728,2195.2,1995.6,1496.7,2195.2,99.8,1995.6,99.8,1140.0,916.9,1154.0,994.8,1016.1,943.3,1051.3,984.1,1025.1,47.3,41.2,51.9,51.1,45.8,44.2,56.4,45.8,56.4,48.0,100.0,22.0,20.0,15.0,22.0,20.0,68,64,66,66,32,36,34,34,68,68,No,No,No,No,No,No,No,No,Yes,Yes,Yes,Yes,No,No,Yes,70,70,61,0.000,0.000,0.000,0.000,0.000,14.232,9.939,1.488,0.747,1.474,13.500,40.000,0.544,0.0,56.7,97.3,0.0,0.0,0.0,0.0,581,0,0.0,0.0,0.0,0.0,0.0,50.9,41.1,51.2,44.1,47.5,44.5,51.7,47.4,0.0,0.0,0.0,0.0,1330.4,13.33,19,19,19,43,467,1,No,No,No,No,No,No,Yes,Yes,No,Yes,No,No,No,No,No,No,No,Yes,No,No,No,No,No,No,No,Yes,No,No,39,100.0,No,No,1831,1538,33,99.0,No,No,2323,1519,0.5,0.8,1.3,0.067,0.048,54146,46896,11.339,7.946,20.7,0.0,60,6724,292,86.274,3.735,0,
10.2.2021,14:38:10.065,13323,8893,59.9,9081,2895,75.8,7.7,0.890,0.882,0.720,0.867,0.788,0.728,2095.4,2095.4,1297.1,1995.6,99.8,1895.8,99.8,952.0,811.1,985.7,893.8,899.6,860.6,1056.4,962.0,927.7,37.8,38.6,46.9,35.6,41.6,44.6,48.4,42.4,48.4,42.0,100.0,21.0,21.0,13.0,20.0,19.0,69,67,66,66,31,33,34,34,69,69,No,No,No,No,No,No,No,No,Yes,Yes,Yes,Yes,No,No,Yes,70,70,61,0.815,0.000,0.000,0.000,0.000,12.873,8.535,1.550,0.770,1.458,13.500,40.000,0.516,498.9,59.5,100.0,0.0,0.0,0.0,0.0,587,0,0.0,0.0,0.0,0.0,0.0,46.8,40.1,48.9,44.2,46.6,45.2,53.2,48.0,0.0,0.0,0.0,0.0,1330.4,13.33,19,19,19,43,467,1,No,No,No,No,No,No,Yes,Yes,No,No,No,No,No,No,No,No,No,Yes,No,No,No,No,No,No,No,Yes,No,No,39,100.0,No,No,1831,1538,33,99.0,No,No,2323,1519,1.6,0.5,2.0,0.066,0.082,54146,46896,11.464,7.958,20.7,0.0,60,6724,292,0.226,0.663,0,
10.2.2021,14:38:12.129,13341,8875,60.0,9094,2882,75.9,7.7,0.890,0.880,0.717,0.885,0.786,0.728,2095.4,2095.4,1297.1,2095.4,99.8,1895.8,99.8,1142.2,1037.4,1341.8,1305.7,1170.7,1082.9,1249.3,1154.1,1185.5,53.0,50.0,58.3,65.9,49.2,55.3,58.3,61.3,65.9,56.4,100.0,21.0,21.0,13.0,21.0,19.0,72,68,67,66,28,32,33,34,72,72,No,No,No,No,No,No,No,No,Yes,Yes,Yes,Yes,No,No,Yes,69,69,63,0.815,0.000,0.000,0.000,0.000,14.390,9.931,1.612,0.743,1.519,13.500,40.000,0.542,498.9,35.2,92.2,0.0,0.0,0.0,0.0,581,0,0.0,0.0,0.0,0.0,0.0,56.6,51.3,63.2,62.9,58.2,54.0,61.6,58.2,0.0,0.0,0.0,0.0,1330.4,13.33,19,19,19,43,467,1,No,No,No,No,No,No,Yes,Yes,No,No,No,No,No,No,No,No,No,Yes,No,No,No,No,No,No,No,Yes,No,No,39,100.0,No,No,1831,1538,33,99.0,No,No,2323,1519,0.8,0.3,1.0,0.057,0.166,54146,46896,11.349,7.958,20.7,0.0,60,6724,292,36.923,6.092,0,
10.2.2021,14:38:14.170,13343,8873,60.0,9090,2886,75.8,7.7,0.850,0.845,0.850,0.777,0.756,0.728,1895.4,1895.4,1895.4,1596.1,99.8,1695.9,99.8,934.4,895.3,1077.0,966.3,915.2,885.7,983.1,1007.2,958.0,43.1,38.6,49.2,43.1,41.6,47.7,42.4,46.2,49.2,44.0,100.0,19.0,19.0,19.0,16.0,17.0,71,66,66,69,29,34,34,31,71,71,No,No,No,No,No,No,No,No,Yes,Yes,Yes,Yes,No,No,Yes,70,70,62,0.000,0.000,0.000,0.000,0.000,12.847,8.459,1.583,0.739,1.478,13.500,40.000,0.543,0.0,61.5,94.1,0.0,0.0,0.0,0.0,581,0,0.0,0.0,0.0,0.0,0.0,46.3,45.0,53.5,48.4,47.5,46.5,49.8,52.0,0.0,0.0,0.0,0.0,1330.1,13.33,19,19,19,43,467,1,No,No,No,No,No,No,Yes,Yes,No,No,No,No,No,No,No,No,No,Yes,No,No,No,No,No,No,No,Yes,No,No,35,100.0,No,No,1831,1538,33,99.0,No,No,2323,1519,1.2,0.7,2.0,0.084,0.150,54147,46897,11.511,7.958,20.7,0.0,60,6724,292,3.081,1.159,0,
10.2.2021,14:38:16.216,13328,8888,59.9,9089,2887,75.8,7.7,0.907,0.912,0.997,0.945,0.893,0.728,2195.2,2294.9,2793.8,2494.5,99.8,2594.3,99.8,1053.2,957.0,1160.6,1046.6,1062.2,975.6,1093.8,1066.3,1051.9,58.4,43.0,58.4,50.7,55.3,50.7,56.1,50.7,58.4,52.9,100.0,22.0,23.0,28.0,25.0,26.0,70,68,70,68,30,32,30,32,70,70,No,No,No,No,No,No,No,No,Yes,Yes,Yes,Yes,No,No,Yes,70,70,61,0.815,0.000,0.000,0.000,0.000,13.379,8.910,1.644,0.757,1.492,13.500,40.000,0.531,498.9,12.5,95.9,0.0,0.0,0.0,0.0,581,0,0.0,0.0,0.0,0.0,0.0,51.6,47.5,57.6,52.1,53.8,49.4,55.0,54.0,0.0,0.0,0.0,0.0,1330.4,13.33,19,19,19,43,467,1,No,No,No,No,No,No,Yes,Yes,No,No,No,No,No,No,No,No,No,Yes,No,No,No,No,No,No,No,Yes,No,No,35,100.0,No,No,1831,1538,33,99.0,No,No,2323,1519,0.3,0.5,0.8,0.043,0.080,54147,46897,11.518,7.970,20.7,0.0,60,6724,292,5.977,0.649,0,
10.2.2021,14:38:18.266,13328,8888,59.9,9087,2889,75.8,7.7,0.985,0.975,0.807,0.800,0.878,0.728,2694.1,2694.1,1696.3,1696.3,99.8,2494.5,99.8,1011.0,889.9,1096.1,962.5,1122.1,1033.0,1093.8,1045.9,1031.8,48.4,36.3,48.4,47.7,49.2,38.6,50.7,50.0,50.7,46.2,100.0,27.0,27.0,17.0,17.0,25.0,71,68,67,67,29,32,33,33,71,71,No,No,No,No,No,No,No,No,Yes,Yes,Yes,Yes,No,No,Yes,71,71,62,0.810,0.000,0.000,0.000,0.000,13.463,9.021,1.679,0.688,1.487,13.500,40.000,0.539,498.9,79.5,95.6,0.0,0.0,0.0,0.0,581,0,0.0,0.0,0.0,0.0,0.0,48.7,43.5,53.4,46.5,54.4,50.3,54.7,52.4,0.0,0.0,0.0,0.0,1330.4,13.33,19,19,19,43,467,1,No,No,No,No,No,No,Yes,Yes,No,No,No,No,No,No,No,No,No,Yes,No,No,No,No,No,No,No,Yes,No,No,35,100.0,No,No,1831,1538,34,99.0,No,No,2323,1519,0.5,0.5,1.0,0.087,0.108,54147,46897,11.525,7.970,20.7,0.0,60,6724,292,2.925,1.041,0,
10.2.2021,14:38:20.316,13326,8890,59.9,9086,2890,75.8,7.7,0.922,0.960,0.935,0.847,0.863,0.728,2294.4,2593.7,2394.1,1895.4,99.8,2394.1,99.8,967.9,836.6,1065.3,949.6,1017.2,978.5,1032.5,903.6,968.9,42.7,43.5,45.0,45.0,51.1,54.1,57.2,39.6,57.2,47.3,100.0,23.0,26.0,24.0,19.0,24.0,71,67,69,67,29,33,31,33,71,71,No,No,No,No,No,No,No,No,Yes,Yes,Yes,Yes,No,No,Yes,72,72,62,0.000,0.000,0.000,0.000,0.000,13.333,8.872,1.678,0.780,1.457,13.500,40.000,0.496,0.0,84.9,95.5,0.0,0.0,0.0,0.0,581,0,0.0,0.0,0.0,0.0,0.0,47.0,41.7,50.3,45.1,49.9,48.6,52.3,45.4,0.0,0.0,0.0,0.0,1330.1,13.33,19,19,19,43,467,1,No,No,No,No,No,No,Yes,Yes,No,No,No,No,No,No,No,No,No,Yes,No,No,No,No,No,No,No,Yes,No,No,35,100.0,No,No,1831,1538,33,99.0,No,No,2323,1519,0.6,0.2,0.8,0.044,0.000,54147,46897,11.508,7.970,20.7,0.0,60,6724,292,2.280,0.222,0,
10.2.2021,14:38:22.377,13319,8897,59.9,9078,2898,75.8,7.7,0.907,0.865,0.785,0.780,0.893,0.728,2194.6,1995.1,1596.1,1596.1,99.8,2593.7,99.8,878.4,828.5,1107.0,971.1,1014.1,949.3,1039.2,937.1,965.6,45.0,38.9,50.3,43.5,55.7,45.8,55.7,51.1,55.7,48.3,100.0,22.0,20.0,16.0,16.0,26.0,68,69,65,67,32,31,35,33,68,69,No,No,No,No,No,No,No,No,Yes,Yes,Yes,Yes,No,No,Yes,70,70,62,0.815,0.000,0.000,0.000,0.000,13.483,9.042,1.663,0.751,1.468,13.500,40.000,0.509,498.8,28.3,97.6,0.0,0.0,0.0,0.0,581,0,0.0,0.0,0.0,0.0,0.0,43.2,41.1,50.7,45.1,50.6,46.8,51.2,46.5,0.0,0.0,0.0,0.0,1330.1,13.33,19,19,19,43,467,1,No,No,No,No,No,No,Yes,Yes,No,No,No,No,No,No,No,No,No,Yes,No,No,No,No,No,No,No,Yes,No,No,39,100.0,No,No,1831,1538,33,99.0,No,No,2323,1519,0.6,0.3,0.9,0.062,0.080,54147,46897,11.486,7.981,20.8,0.0,60,6724,292,0.566,0.425,0,
10.2.2021,14:38:24.436,13320,8896,59.9,9079,2897,75.8,7.7,0.905,0.865,0.707,0.992,0.831,0.728,2195.2,1995.6,1197.4,2793.8,99.8,2195.2,99.8,994.3,884.9,986.8,874.4,974.9,954.9,1108.8,1029.2,976.0,46.9,46.9,49.2,43.9,42.4,47.7,53.0,53.7,53.7,48.0,100.0,22.0,20.0,12.0,28.0,22.0,70,68,67,66,30,32,33,34,70,70,No,No,No,No,No,No,No,No,Yes,Yes,Yes,Yes,No,No,Yes,69,69,61,0.000,0.000,0.000,0.000,0.000,13.523,8.994,1.635,0.726,1.495,13.500,40.000,0.626,0.0,85.9,96.0,0.0,0.0,0.0,0.0,581,0,0.0,0.0,0.0,0.0,0.0,48.0,43.3,48.9,44.6,47.5,47.5,54.1,50.1,0.0,0.0,0.0,0.0,1330.4,13.33,19,19,19,43,467,1,No,No,No,No,No,No,Yes,Yes,No,No,No,No,No,No,No,No,No,Yes,No,No,No,No,No,No,No,Yes,No,No,39,100.0,No,No,1831,1538,34,99.0,No,No,2323,1519,1.6,1.0,2.6,0.191,0.143,54147,46897,11.504,7.981,20.8,0.0,60,6724,292,4.327,1.829,0,
10.2.2021,14:38:26.492,13334,8882,60.0,9088,2888,75.8,7.7,0.710,0.882,0.720,0.947,0.848,0.728,1197.4,2095.4,1297.1,2494.5,99.8,2294.9,99.8,1102.0,942.8,1173.1,1130.8,1127.4,1043.8,1196.2,1057.3,1096.7,53.7,50.7,62.8,61.3,56.8,56.0,62.1,53.0,62.8,57.1,100.0,12.0,21.0,13.0,25.0,23.0,68,67,66,64,32,33,34,36,68,68,No,No,No,No,No,No,No,No,Yes,Yes,Yes,Yes,No,No,Yes,69,69,61,0.815,0.000,0.000,0.000,0.000,13.526,8.946,1.746,0.716,1.494,13.500,40.000,0.575,498.9,69.1,94.7,0.0,0.0,0.0,0.0,591,0,0.0,0.0,0.0,0.0,0.0,54.7,46.2,57.6,56.1,56.7,52.9,62.6,55.0,0.0,0.0,0.0,0.0,1330.4,13.33,19,19,19,43,467,1,No,No,No,No,No,No,Yes,Yes,No,No,No,No,No,No,No,No,No,Yes,No,No,No,No,No,No,No,Yes,No,No,39,100.0,No,No,1831,1538,33,99.0,No,No,2323,1519,3.8,0.4,4.2,3.667,0.181,54155,46898,11.507,7.981,20.8,0.0,60,6724,292,0.566,0.173,0,
10.2.2021,14:38:28.544,13360,8856,60.1,9125,2851,76.1,7.7,0.922,0.867,0.905,1.010,0.818,0.728,2294.9,1995.6,2195.2,2893.6,99.8,2095.4,99.8,1042.8,910.8,1007.6,932.0,1012.9,991.9,1032.7,1052.9,997.9,53.4,45.8,43.5,42.7,48.8,51.9,54.1,50.3,54.1,48.8,100.0,23.0,20.0,22.0,29.0,21.0,71,66,67,66,29,34,33,34,71,71,No,No,No,No,No,No,No,No,Yes,Yes,Yes,Yes,No,No,Yes,72,71,61,0.802,0.000,0.000,0.000,0.000,13.142,8.663,1.730,0.685,1.485,13.500,40.000,0.530,449.0,64.3,98.7,0.0,0.0,0.0,0.0,586,0,0.0,0.0,0.0,0.0,0.0,51.3,45.0,50.0,47.0,51.2,50.3,52.9,54.3,0.0,0.0,0.0,0.0,1330.4,13.33,19,19,19,43,467,1,No,No,No,No,No,No,Yes,Yes,No,No,No,No,No,No,No,No,No,Yes,No,No,No,No,No,No,No,Yes,No,No,39,100.0,No,No,1831,1538,34,99.0,No,No,2323,1519,1.3,0.3,1.6,0.214,0.164,54155,46898,11.530,7.993,20.8,0.0,60,6724,292,0.151,0.122,0,
10.2.2021,14:38:30.594,13363,8853,60.1,9123,2853,76.1,7.7,1.015,0.915,0.982,0.917,0.908,0.906,2892.9,2294.4,2693.4,2294.4,99.8,2693.4,99.8,928.9,774.1,1117.4,935.7,969.2,885.4,991.0,959.5,945.1,40.1,38.6,45.4,34.8,40.1,36.3,45.4,48.4,48.4,41.1,100.0,29.0,23.0,27.0,23.0,27.0,71,65,69,64,29,35,31,36,71,71,No,No,No,No,No,No,No,No,Yes,Yes,Yes,Yes,No,No,Yes,72,72,62,0.808,0.000,0.000,0.000,0.000,13.588,8.918,1.863,0.704,1.481,13.500,40.000,0.564,498.8,74.7,100.0,0.0,0.0,0.0,0.0,586,0,0.0,0.0,0.0,0.0,0.0,45.6,38.5,51.5,42.7,48.0,44.4,48.6,48.0,0.0,0.0,0.0,0.0,1330.1,13.33,19,19,19,43,467,1,No,No,No,No,No,No,Yes,Yes,No,No,No,No,No,No,No,No,No,Yes,No,No,No,No,No,No,No,Yes,No,No,39,100.0,No,No,1831,1538,34,99.0,No,No,2323,1519,0.9,0.8,1.7,0.116,0.382,54155,46899,11.467,7.993,20.8,0.0,60,6724,292,0.120,0.074,0,
10.2.2021,14:38:32.650,13338,8878,60.0,9107,2869,76.0,7.7,0.785,0.895,0.872,0.870,0.848,0.728,1596.5,2195.2,1995.6,1995.6,99.8,2294.9,99.8,1050.3,956.6,1102.3,1039.5,994.9,943.6,1033.7,1018.2,1017.4,44.2,45.0,58.0,42.7,45.8,49.6,54.1,55.7,58.0,49.4,100.0,16.0,22.0,20.0,20.0,23.0,70,67,66,64,30,33,34,36,70,70,No,No,No,No,No,No,No,No,Yes,Yes,Yes,Yes,No,No,Yes,72,72,62,0.813,0.000,0.000,0.000,0.000,13.544,8.966,1.809,0.719,1.483,13.500,40.000,0.513,498.9,72.2,100.0,0.0,0.0,0.0,0.0,586,0,0.0,0.0,0.0,0.0,0.0,51.0,46.5,52.3,49.3,50.8,48.7,52.6,52.0,0.0,0.0,0.0,0.0,1330.4,13.33,19,19,19,43,467,1,No,No,No,No,No,No,Yes,Yes,No,No,No,No,No,No,No,No,No,Yes,No,No,No,No,No,No,No,Yes,No,No,39,100.0,No,No,1831,1538,33,99.0,No,No,2323,1519,1.4,0.2,1.6,0.105,0.056,54156,46899,11.516,8.004,20.8,0.0,60,6724,292,0.684,0.349,0,
10.2.2021,14:38:34.717,13323,8893,59.9,9092,2884,75.9,7.7,0.952,0.930,0.847,0.870,0.848,0.728,2493.9,2394.1,1895.4,1995.1,99.8,2294.4,99.8,875.9,815.8,1018.5,936.8,1005.8,882.1,959.6,947.0,930.2,36.3,40.1,43.9,43.1,49.2,38.6,46.2,52.2,52.2,43.7,100.0,25.0,24.0,19.0,20.0,23.0,70,65,72,62,30,35,28,38,71,72,No,No,No,No,No,No,No,No,Yes,Yes,Yes,Yes,No,No,Yes,72,72,63,0.810,0.000,0.000,0.000,0.000,13.004,8.307,1.862,0.700,1.490,13.500,40.000,0.588,498.8,67.7,100.0,0.0,0.0,0.0,0.0,581,0,0.0,0.0,0.0,0.0,0.0,45.2,42.3,50.9,47.1,51.0,44.8,49.3,48.9,0.0,0.0,0.0,0.0,1330.1,13.33,19,19,19,43,467,1,No,No,No,No,No,No,Yes,Yes,No,Yes,No,No,No,No,No,No,No,Yes,No,No,No,No,No,No,No,Yes,No,No,39,100.0,No,No,1831,1538,34,99.0,No,No,2323,1519,1.2,0.8,2.0,0.309,0.236,54156,46899,11.556,8.004,20.8,0.0,60,6724,292,0.233,0.492,0,
10.2.2021,14:38:36.762,13314,8902,59.9,9059,2917,75.6,7.7,0.952,0.992,0.872,0.802,0.893,0.906,2493.9,2793.2,1995.1,1695.9,99.8,2593.7,99.8,1142.4,981.0,1129.6,1016.9,1062.2,1040.5,1096.8,1009.3,1059.8,50.0,50.0,55.3,54.5,52.2,51.5,56.0,53.7,56.0,52.9,100.0,25.0,28.0,20.0,17.0,26.0,68,66,66,66,32,34,34,34,68,68,No,No,No,No,No,No,No,No,Yes,Yes,Yes,Yes,No,No,Yes,69,69,60,0.815,0.000,0.000,0.000,0.000,13.903,9.235,1.869,0.717,1.490,13.500,40.000,0.536,498.8,63.7,100.0,0.0,0.0,0.0,0.0,577,0,0.0,0.0,0.0,0.0,0.0,53.2,46.0,53.3,48.6,52.6,51.0,55.4,51.0,0.0,0.0,0.0,0.0,1330.1,13.33,19,19,19,43,467,1,No,No,No,No,No,No,Yes,Yes,No,Yes,No,No,No,No,No,No,No,Yes,No,No,No,No,No,No,No,Yes,No,No,39,100.0,No,No,1831,1538,33,99.0,No,No,2323,1519,1.9,1.5,3.4,0.127,1.719,54156,46903,11.447,8.016,20.9,0.0,60,6724,292,0.440,1.226,0,
10.2.2021,14:38:38.814,13309,8907,59.9,9060,2916,75.6,7.7,0.890,0.975,0.935,0.885,0.878,0.688,2095.4,2694.1,2394.7,2095.4,99.8,2494.5,99.8,1018.2,923.4,1087.6,972.7,1071.5,972.0,1012.9,955.3,1001.7,47.3,45.8,53.4,50.3,51.1,45.0,51.1,51.1,53.4,49.4,100.0,21.0,27.0,24.0,21.0,25.0,70,69,67,65,30,31,33,35,70,70,No,No,No,No,No,No,No,No,Yes,Yes,Yes,Yes,No,No,Yes,72,72,61,0.802,0.000,0.000,0.000,0.000,13.465,8.895,1.776,0.712,1.491,13.500,40.000,0.540,449.0,68.2,100.0,0.0,0.0,0.0,0.0,577,0,0.0,0.0,0.0,0.0,0.0,49.2,45.6,52.0,47.4,52.8,48.6,51.8,49.5,0.0,0.0,0.0,0.0,1330.4,13.33,19,19,19,43,467,1,No,No,No,No,No,No,Yes,Yes,No,No,No,No,No,No,No,No,No,Yes,No,No,No,No,No,No,No,Yes,No,No,39,100.0,No,No,1831,1538,34,99.0,No,No,2323,1519,0.3,0.9,1.2,0.040,0.089,54156,46903,11.523,8.016,20.9,0.0,60,6724,292,0.644,0.544,0,
10.2.2021,14:38:40.859,13304,8912,59.8,9055,2920,75.6,7.7,0.742,0.735,0.920,0.825,0.818,0.728,1396.9,1396.9,2294.9,1796.0,99.8,2095.4,99.8,983.7,927.6,1132.2,1009.5,940.3,887.3,995.6,939.3,976.9,41.2,42.7,53.4,45.0,42.7,45.8,46.5,40.4,53.4,44.7,100.0,14.0,14.0,23.0,18.0,21.0,71,64,66,63,29,36,34,37,71,71,No,No,No,No,No,No,No,No,Yes,Yes,Yes,Yes,No,No,Yes,70,70,62,0.815,0.000,0.000,0.000,0.000,13.255,8.527,1.888,0.733,1.502,13.500,40.000,0.546,498.9,67.4,100.0,0.0,0.0,0.0,0.0,583,0,0.0,0.0,0.0,0.0,0.0,48.0,45.6,54.3,48.1,49.3,46.2,51.1,47.8,0.0,0.0,0.0,0.0,1330.4,13.33,19,19,19,43,467,1,No,No,No,No,No,No,Yes,Yes,No,No,No,No,No,No,No,No,No,Yes,No,No,No,No,No,No,No,Yes,No,No,39,100.0,No,No,1831,1538,33,99.0,No,No,2323,1519,0.7,0.9,1.6,0.893,0.588,54158,46904,11.457,8.016,20.9,0.0,60,6724,292,0.593,0.569,0,
10.2.2021,14:38:42.906,13357,8859,60.1,9097,2879,75.9,7.7,0.922,0.820,0.740,0.915,0.816,0.728,2294.9,1796.0,1396.9,2294.9,99.8,2095.4,99.8,1224.9,1092.8,1307.8,1178.0,1254.7,1166.0,1205.7,1135.1,1195.6,60.3,55.7,62.5,58.7,69.4,60.3,64.8,56.4,69.4,61.0,100.0,23.0,18.0,14.0,23.0,21.0,70,68,68,67,30,32,32,33,70,70,No,No,No,No,No,No,No,No,Yes,Yes,Yes,Yes,No,No,Yes,72,72,62,0.815,0.000,0.000,0.000,0.000,13.986,9.358,1.842,0.694,1.517,13.500,40.000,0.523,498.9,61.5,100.0,0.0,0.0,0.0,0.0,586,0,0.0,0.0,0.0,0.0,0.0,58.4,51.6,62.1,56.3,62.7,58.2,62.0,57.9,0.0,0.0,0.0,0.0,1330.4,13.33,19,19,19,43,467,1,No,No,No,No,No,No,Yes,Yes,No,No,No,No,No,No,No,No,No,Yes,No,No,No,No,No,No,No,Yes,No,No,39,100.0,No,No,1831,1538,33,99.0,No,No,2323,1519,0.4,0.5,0.9,0.090,0.270,54158,46905,11.504,8.016,20.9,0.0,60,6724,292,0.795,0.504,0,
10.2.2021,14:38:44.950,13351,8865,60.0,9095,2881,75.9,7.7,0.905,0.972,0.762,0.977,0.878,0.728,2195.2,2694.1,1496.7,2694.1,99.8,2494.5,99.8,984.6,836.2,1080.4,946.8,1029.2,881.3,1010.2,985.0,969.2,42.7,37.4,48.8,45.8,48.0,36.6,52.6,48.0,52.6,45.0,100.0,22.0,27.0,15.0,27.0,25.0,70,69,68,70,30,31,32,30,70,70,No,No,No,No,No,No,No,No,Yes,Yes,Yes,Yes,No,No,Yes,72,72,62,0.813,0.000,0.000,0.000,0.000,13.103,8.727,1.642,0.699,1.467,13.500,40.000,0.521,498.9,63.5,94.2,0.0,0.0,0.0,0.0,586,0,0.0,0.0,0.0,0.0,0.0,47.5,41.2,52.5,46.2,51.8,44.3,51.5,50.3,0.0,0.0,0.0,0.0,1330.4,13.33,19,19,19,43,467,1,No,No,No,No,No,No,Yes,Yes,No,No,No,No,No,No,No,No,No,Yes,No,No,No,No,No,No,No,Yes,No,No,39,100.0,No,No,1831,1538,34,99.0,No,No,2323,1519,0.6,0.2,0.8,0.036,0.077,54158,46905,11.496,8.027,20.9,0.0,60,6724,292,2.133,0.052,0,
10.2.2021,14:38:46.994,13349,8867,60.0,9081,2894,75.8,7.7,1.015,0.797,0.997,0.845,0.908,0.728,2892.9,1695.9,2793.2,1895.4,99.8,2693.4,99.8,909.9,857.3,1046.8,976.1,988.9,940.8,1034.5,976.9,966.4,39.2,42.3,50.7,50.0,43.8,39.2,49.2,53.0,53.0,45.9,100.0,29.0,17.0,28.0,19.0,27.0,72,68,68,68,28,32,32,32,72,72,No,No,No,No,No,No,No,No,Yes,Yes,Yes,Yes,No,No,Yes,73,73,63,0.000,0.000,0.000,0.000,0.000,13.238,8.811,1.649,0.714,1.461,13.500,40.000,0.553,0.0,69.9,97.4,0.0,0.0,0.0,0.0,586,0,0.0,0.0,0.0,0.0,0.0,44.4,42.7,49.2,47.3,49.1,47.1,51.7,49.6,0.0,0.0,0.0,0.0,1197.1,12.00,17,17,17,39,420,2,No,No,No,No,No,No,Yes,Yes,No,No,No,No,No,No,No,No,No,Yes,No,No,No,No,No,No,No,Yes,No,No,39,100.0,No,No,1831,1538,33,99.0,No,No,2323,1519,3.2,1.6,4.8,0.246,0.216,54159,46905,11.539,8.027,20.9,0.0,60,6724,292,0.556,0.351,0,
10.2.2021,14:38:49.052,13336,8880,60.0,9081,2895,75.8,7.7,0.952,0.927,0.997,0.800,0.893,0.728,2493.9,2394.1,2793.2,1695.9,99.8,2593.7,99.8,999.0,822.1,1106.3,991.9,994.0,922.0,976.5,924.2,967.0,47.7,30.3,41.6,42.4,32.5,39.3,44.6,44.6,47.7,40.4,100.0,25.0,24.0,28.0,17.0,26.0,70,68,69,71,30,32,31,29,70,71,No,No,No,No,No,No,No,No,Yes,Yes,Yes,Yes,No,No,Yes,71,71,63,0.815,0.000,0.000,0.000,0.000,13.655,9.319,1.635,0.682,1.452,13.500,40.000,0.519,498.8,71.5,97.3,0.0,0.0,0.0,0.0,586,0,0.0,0.0,0.0,0.0,0.0,46.1,37.4,50.0,45.1,47.3,43.8,47.0,45.4,0.0,0.0,0.0,0.0,1330.1,13.33,19,19,19,43,467,1,No,No,No,No,No,No,Yes,Yes,No,No,No,No,No,No,No,No,No,Yes,No,No,No,No,No,No,No,Yes,No,No,39,100.0,No,No,1831,1538,34,99.0,No,No,2323,1519,1.3,0.5,1.8,0.101,0.112,54159,46905,11.466,8.027,20.9,0.0,60,6724,292,5.714,0.623,0,
10.2.2021,14:38:51.101,13338,8878,60.0,9080,2896,75.8,7.7,0.722,0.757,0.875,0.900,0.743,0.728,1296.8,1496.3,1995.1,2194.6,99.8,1596.1,99.8,1045.3,972.1,1132.9,1032.8,1060.3,979.7,1125.5,1060.2,1051.1,51.1,42.7,53.4,48.0,52.6,47.3,55.7,55.7,55.7,50.8,100.0,13.0,15.0,20.0,22.0,16.0,67,65,64,63,33,35,36,37,67,67,No,No,No,No,No,No,No,No,Yes,Yes,Yes,Yes,No,No,Yes,69,69,60,0.000,0.000,0.000,0.000,0.000,13.594,9.028,1.724,0.739,1.488,13.500,40.000,0.565,0.0,59.7,94.5,0.0,0.0,0.0,0.0,586,0,0.0,0.0,0.0,0.0,0.0,49.7,47.0,54.8,49.9,53.5,49.1,57.4,54.3,0.0,0.0,0.0,0.0,1330.1,13.33,19,19,19,43,467,1,No,No,No,No,No,No,Yes,Yes,No,No,No,No,No,No,No,No,No,Yes,No,No,No,No,No,No,No,Yes,No,No,39,100.0,No,No,1831,1538,34,99.0,No,No,2323,1519,0.7,1.3,2.0,0.064,0.111,54159,46906,11.460,8.039,20.9,0.0,60,6724,292,0.598,0.313,0,
10.2.2021,14:38:53.156,13340,8876,60.0,9085,2891,75.8,7.7,0.887,0.880,0.885,0.712,0.786,0.728,2095.4,2095.4,2095.4,1297.1,99.8,1895.8,99.8,1097.2,1024.9,1188.5,1044.8,1121.1,1103.6,1163.2,1111.5,1106.8,52.2,45.4,56.0,46.2,52.2,47.7,56.0,53.0,56.0,51.1,100.0,21.0,21.0,21.0,13.0,19.0,72,69,71,69,28,31,29,31,72,72,No,No,No,No,No,No,No,No,Yes,Yes,Yes,Yes,No,No,Yes,73,73,64,0.815,0.000,0.000,0.000,0.000,13.864,9.396,1.713,0.691,1.494,13.500,40.000,0.522,498.9,72.9,97.4,0.0,0.0,0.0,0.0,587,0,0.0,0.0,0.0,0.0,0.0,52.0,49.2,57.0,50.5,55.1,54.6,57.9,55.2,0.0,0.0,0.0,0.0,1330.4,13.33,19,19,19,43,467,1,No,No,No,No,No,No,Yes,Yes,No,No,No,No,No,No,No,No,No,Yes,No,No,No,No,No,No,No,Yes,No,No,39,100.0,No,No,1831,1538,33,99.0,No,No,2323,1519,0.9,0.3,1.2,0.118,0.107,54159,46906,11.539,8.039,20.9,0.0,60,6724,292,40.023,0.870,0,
10.2.2021,14:38:55.202,13348,8868,60.0,9086,2890,75.8,7.7,0.985,0.775,0.707,0.977,0.878,0.686,2694.1,1596.5,1197.4,2694.1,99.8,2494.5,99.8,929.6,848.4,1036.5,870.0,953.6,877.7,951.5,871.7,917.4,34.3,35.8,45.8,35.8,37.4,33.5,49.6,35.8,49.6,38.5,100.0,27.0,16.0,12.0,27.0,25.0,71,69,67,66,29,31,33,34,71,71,No,No,No,No,No,No,No,No,Yes,Yes,Yes,Yes,No,No,Yes,72,72,62,0.813,0.000,0.000,0.000,0.000,12.856,8.623,1.460,0.743,1.452,13.500,40.000,0.539,498.9,68.0,94.3,0.0,0.0,0.0,0.0,509,0,0.0,0.0,0.0,0.0,0.0,43.9,40.7,50.1,41.6,47.4,43.8,48.4,44.6,0.0,0.0,0.0,0.0,1330.4,13.33,19,19,19,43,467,1,No,No,No,No,No,No,Yes,Yes,No,No,No,No,No,No,No,No,No,Yes,No,No,No,No,No,No,No,Yes,No,No,39,100.0,No,No,1831,1538,33,99.0,No,No,2323,1519,1.7,0.3,2.0,0.185,0.239,54160,46906,11.560,8.050,20.9,0.0,60,6724,292,6.304,1.769,0,
10.2.2021,14:38:57.242,13353,8863,60.1,9087,2889,75.8,7.7,0.938,0.942,0.947,0.757,0.848,0.726,2394.7,2494.5,2494.5,1496.7,99.8,2294.9,99.8,1132.1,932.0,1218.8,1078.3,1154.8,1036.3,1127.4,1089.6,1096.2,51.5,46.9,52.3,52.3,46.1,57.6,56.1,52.3,57.6,51.9,100.0,24.0,25.0,25.0,15.0,23.0,72,68,69,68,28,32,31,32,72,72,No,No,No,No,No,No,No,No,Yes,Yes,Yes,Yes,No,No,Yes,73,73,62,0.815,0.000,0.000,0.000,0.000,13.688,9.229,1.697,0.702,1.489,13.500,40.000,0.525,498.9,59.9,94.9,0.0,0.0,0.0,0.0,509,0,0.0,0.0,0.0,0.0,0.0,55.3,45.4,58.6,52.4,57.3,51.8,56.6,55.0,0.0,0.0,0.0,0.0,1330.4,13.33,19,19,19,43,467,1,No,No,No,No,No,No,Yes,Yes,No,No,No,No,No,No,No,No,No,Yes,No,No,No,No,No,No,No,Yes,No,No,39,100.0,No,No,1831,1538,33,99.0,No,No,2323,1519,0.8,0.2,1.0,0.090,0.056,54160,46906,11.529,8.050,20.9,0.0,60,6724,292,0.460,0.248,0,
10.2.2021,14:38:59.291,13346,8870,60.0,9086,2890,75.8,7.7,0.920,0.912,0.867,0.915,0.818,0.728,2294.4,2294.4,1995.1,2294.4,99.8,2094.9,99.8,1155.8,1018.9,1205.0,1097.3,1211.5,1101.9,1232.7,1162.5,1148.2,57.2,50.3,56.4,48.8,56.4,54.9,58.0,61.8,61.8,55.5,100.0,23.0,23.0,20.0,23.0,21.0,73,69,70,68,27,31,30,32,72,73,No,No,No,No,No,No,No,No,Yes,Yes,Yes,Yes,No,No,Yes,73,73,62,0.813,0.000,0.000,0.000,0.000,13.592,9.182,1.607,0.689,1.517,13.500,40.000,0.556,498.8,58.3,93.6,0.0,0.0,0.0,0.0,509,0,0.0,0.0,0.0,0.0,0.0,56.7,50.3,59.4,54.4,61.7,55.6,63.6,60.0,0.0,0.0,0.0,0.0,1330.1,13.33,19,19,19,43,467,1,No,No,No,No,No,No,Yes,Yes,No,No,No,No,No,No,No,No,No,Yes,No,No,No,No,No,No,No,Yes,No,No,39,100.0,No,No,1831,1538,34,99.0,No,No,2323,1519,0.9,0.7,1.6,0.100,0.105,54160,46907,11.578,8.050,20.9,0.0,60,6724,292,139.342,5.595,0,
10.2.2021,14:39:1.349,13342,8874,60.0,9084,2892,75.8,7.7,0.982,0.927,0.962,0.930,0.878,0.726,2693.4,2394.1,2593.7,2394.1,99.8,2493.9,99.8,1010.5,919.3,1036.0,943.4,1040.8,975.1,1073.8,1003.4,1000.3,56.0,49.2,60.6,51.5,59.0,59.8,54.5,50.0,60.6,55.1,100.0,27.0,24.0,26.0,24.0,25.0,76,70,71,67,24,30,29,33,76,76,No,No,No,No,No,No,No,No,Yes,Yes,Yes,Yes,No,No,Yes,77,77,63,0.802,0.000,0.000,0.000,0.000,13.057,8.631,1.616,0.749,1.481,13.500,40.000,0.533,448.9,73.7,95.5,0.0,0.0,0.0,0.0,509,0,0.0,0.0,0.0,0.0,0.0,49.8,45.3,51.7,46.9,52.1,48.8,55.6,51.6,0.0,0.0,0.0,0.0,1330.1,13.33,19,19,19,43,467,1,No,No,No,No,No,No,Yes,Yes,No,No,No,No,No,No,No,No,No,Yes,No,No,No,No,No,No,No,Yes,No,No,39,100.0,No,No,1831,1538,33,99.0,No,No,2323,1519,2.3,1.8,4.1,0.662,0.201,54162,46907,11.453,8.062,21.0,0.0,60,6724,292,3.075,1.308,0,
10.2.2021,14:39:3.397,13344,8872,60.0,9086,2890,75.8,7.7,0.850,0.975,0.805,0.947,0.878,0.728,1895.8,2694.1,1696.3,2494.5,99.8,2494.5,99.8,982.9,836.5,1126.7,975.3,1070.1,921.0,996.3,960.1,983.6,35.8,38.1,47.3,41.9,45.8,38.9,48.0,46.5,48.0,42.8,100.0,19.0,27.0,17.0,25.0,25.0,72,69,71,66,28,31,29,34,72,72,No,No,No,No,No,No,No,No,Yes,Yes,Yes,Yes,No,No,Yes,71,71,62,0.815,0.000,0.000,0.000,0.000,13.476,9.115,1.671,0.666,1.462,13.500,40.000,0.516,498.9,66.5,99.3,0.0,0.0,0.0,0.0,515,0,0.0,0.0,0.0,0.0,0.0,46.8,39.4,51.7,45.8,52.1,45.0,49.5,48.5,0.0,0.0,0.0,0.0,1330.4,13.33,19,19,19,43,467,1,No,No,No,No,No,No,Yes,Yes,No,No,No,No,No,No,No,No,No,Yes,No,No,No,No,No,No,No,Yes,No,No,39,100.0,No,No,1831,1538,33,99.0,No,No,2323,1519,0.4,0.5,0.9,0.137,0.173,54162,46907,11.394,8.062,21.0,0.0,60,6724,292,0.000,0.000,0,
10.2.2021,14:39:5.433,13346,8870,60.0,9086,2890,75.8,7.7,0.967,0.957,0.780,0.960,0.863,0.726,2594.3,2594.3,1596.5,2594.3,99.8,2394.7,99.8,1027.1,910.4,1212.0,1066.6,1082.9,1026.8,1107.0,1030.9,1058.0,50.3,43.5,54.9,50.3,50.3,48.8,60.3,51.9,60.3,51.3,100.0,26.0,26.0,16.0,26.0,24.0,75,73,70,72,25,27,30,28,75,75,No,No,No,No,No,No,No,No,Yes,Yes,Yes,Yes,No,No,Yes,76,76,62,0.815,0.000,0.000,0.000,0.000,13.559,9.079,1.698,0.691,1.498,13.500,40.000,0.543,498.9,59.6,94.5,0.0,0.0,0.0,0.0,515,0,0.0,0.0,0.0,0.0,0.0,49.6,43.9,57.7,51.4,53.8,51.8,55.8,52.3,0.0,0.0,0.0,0.0,1330.4,13.33,19,19,19,43,467,1,No,No,No,No,No,No,Yes,Yes,No,No,No,No,No,No,No,No,No,Yes,No,No,No,No,No,No,No,Yes,No,No,39,100.0,No,No,1831,1538,34,99.0,No,No,2323,1519,1.5,0.3,1.8,0.614,0.247,54163,46908,11.469,8.062,21.0,0.0,60,6724,292,0.418,1.130,0,
10.2.2021,14:39:7.480,13350,8866,60.0,9102,2874,75.9,7.7,0.952,0.957,0.935,0.977,0.863,0.726,2493.9,2593.7,2394.1,2693.4,99.8,2394.1,99.8,1117.5,1003.0,1146.2,1036.8,1017.8,986.2,1116.0,1025.8,1056.2,57.6,52.3,47.6,45.3,52.3,54.6,57.6,55.3,57.6,52.8,100.0,25.0,26.0,24.0,27.0,24.0,71,69,67,71,29,31,33,29,71,71,No,No,No,No,No,No,No,No,Yes,Yes,Yes,Yes,No,No,Yes,71,71,61,0.815,0.000,0.000,0.000,0.000,13.315,8.819,1.724,0.699,1.496,13.500,40.000,0.528,498.8,67.6,98.4,0.0,0.0,0.0,0.0,509,0,0.0,0.0,0.0,0.0,0.0,54.8,48.9,56.5,51.3,52.2,50.4,57.8,53.8,0.0,0.0,0.0,0.0,1330.1,13.33,19,19,19,43,467,1,No,No,No,No,No,No,Yes,Yes,No,No,No,No,No,No,No,No,No,Yes,No,No,No,No,No,No,No,Yes,No,No,39,100.0,No,No,1831,1538,33,99.0,No,No,2323,1519,0.4,0.5,1.0,0.112,0.249,54163,46908,11.569,8.073,21.0,0.0,60,6724,293,0.105,0.190,0,
10.2.2021,14:39:9.522,12711,9504,57.2,8541,3435,71.3,7.7,0.805,0.700,1.010,1.007,0.908,0.728,1696.3,1197.4,2893.6,2893.6,99.8,2694.1,99.8,1055.4,1001.0,1123.6,1115.4,1067.5,1043.2,1042.8,962.8,1051.5,48.0,47.3,61.0,55.7,58.0,59.5,55.7,54.9,61.0,55.0,100.0,17.0,12.0,29.0,29.0,27.0,74,66,72,72,26,34,28,28,74,74,No,No,No,No,No,No,No,No,Yes,Yes,Yes,Yes,No,No,Yes,75,75,64,0.770,0.000,0.000,0.000,0.000,13.250,8.514,1.791,0.723,1.528,13.500,40.000,0.643,149.7,68.3,100.0,0.0,0.0,0.0,0.0,453,0,0.0,0.0,0.0,0.0,0.0,53.3,49.1,56.9,56.6,55.5,54.4,55.1,51.4,0.0,0.0,0.0,0.0,1330.4,13.33,19,19,19,43,467,1,No,No,No,No,No,No,Yes,Yes,No,No,No,No,No,No,No,No,No,Yes,No,No,No,No,No,No,No,Yes,No,No,39,100.0,No,No,1831,1538,34,99.0,No,No,2323,1519,5.0,2.1,7.1,1.446,0.576,54166,46909,11.396,8.073,21.0,0.0,60,6724,293,1.861,1.587,0,
Date,Time,"Virtual Memory Commited [MB]","Virtual Memory Available [MB]","Virtual Memory Load [%]","Physical Memory Used [MB]","Physical Memory Available [MB]","Physical Memory Load [%]","Page File Usage [%]","Core 0 VID [V]","Core 1 VID [V]","Core 2 VID [V]","Core 3 VID [V]","Uncore VID [V]","SA VID [V]","Core 0 Clock (perf #1) [MHz]","Core 1 Clock (perf #1) [MHz]","Core 2 Clock (perf #1) [MHz]","Core 3 Clock (perf #1) [MHz]","Bus Clock [MHz]","Ring/LLC Clock [MHz]","PCIe Clock [MHz]","Core 0 T0 Effective Clock [MHz]","Core 0 T1 Effective Clock [MHz]","Core 1 T0 Effective Clock [MHz]","Core 1 T1 Effective Clock [MHz]","Core 2 T0 Effective Clock [MHz]","Core 2 T1 Effective Clock [MHz]","Core 3 T0 Effective Clock [MHz]","Core 3 T1 Effective Clock [MHz]","Average Effective Clock [MHz]","Core 0 T0 Usage [%]","Core 0 T1 Usage [%]","Core 1 T0 Usage [%]","Core 1 T1 Usage [%]","Core 2 T0 Usage [%]","Core 2 T1 Usage [%]","Core 3 T0 Usage [%]","Core 3 T1 Usage [%]","Max CPU/Thread Usage [%]","Total CPU Usage [%]","On-Demand Clock Modulation [%]","Core 0 Ratio [x]","Core 1 Ratio [x]","Core 2 Ratio [x]","Core 3 Ratio [x]","Uncore Ratio [x]","Core 0 [°C]","Core 1 [°C]","Core 2 [°C]","Core 3 [°C]","Core 0 Distance to TjMAX [°C]","Core 1 Distance to TjMAX [°C]","Core 2 Distance to TjMAX [°C]","Core 3 Distance to TjMAX [°C]","CPU Package [°C]","Core Max [°C]","Core 0 Thermal Throttling [Yes/No]","Core 1 Thermal Throttling [Yes/No]","Core 2 Thermal Throttling [Yes/No]","Core 3 Thermal Throttling [Yes/No]","Core 0 Critical Temperature [Yes/No]","Core 1 Critical Temperature [Yes/No]","Core 2 Critical Temperature [Yes/No]","Core 3 Critical Temperature [Yes/No]","Core 0 Power Limit Exceeded [Yes/No]","Core 1 Power Limit Exceeded [Yes/No]","Core 2 Power Limit Exceeded [Yes/No]","Core 3 Power Limit Exceeded [Yes/No]","Package/Ring Thermal Throttling [Yes/No]","Package/Ring Critical Temperature [Yes/No]","Package/Ring Power Limit Exceeded [Yes/No]","CPU Package [°C]","CPU IA Cores [°C]","CPU GT Cores (Graphics) [°C]","iGPU VID [V]","IA Voltage Offset [V]","GT (Slice) Voltage Offset [V]","CLR (CBo/LLC/Ring) Voltage Offset [V]","Uncore/SA Voltage Offset [V]","CPU Package Power [W]","IA Cores Power [W]","GT Cores Power [W]","System Agent Power [W]","Rest-of-Chip Power [W]","PL1 Power Limit [W]","PL2 Power Limit [W]","PCH Power [W]","GPU Clock [MHz]","GPU D3D Usage [%]","GPU GT Usage [%]","GPU Media Engine Usage [%]","GPU Video Decode 0 Usage [%]","GPU Video Decode 1 Usage [%]","GPU Video Processing 0 Usage [%]","GPU D3D Memory Dynamic [MB]","Current cTDP Level []","Package C2 Residency [%]","Package C3 Residency [%]","Package C6 Residency [%]","Package C7 Residency [%]","Package C8 Residency [%]","Core 0 T0 C0 Residency [%]","Core 0 T1 C0 Residency [%]","Core 1 T0 C0 Residency [%]","Core 1 T1 C0 Residency [%]","Core 2 T0 C0 Residency [%]","Core 2 T1 C0 Residency [%]","Core 3 T0 C0 Residency [%]","Core 3 T1 C0 Residency [%]","Core 0 C7 Residency [%]","Core 1 C7 Residency [%]","Core 2 C7 Residency [%]","Core 3 C7 Residency [%]","Memory Clock [MHz]","Memory Clock Ratio [x]","Tcas [T]","Trcd [T]","Trp [T]","Tras [T]","Trfc [T]","Command Rate [T]","IA: PROCHOT [Yes/No]","IA: Thermal Event [Yes/No]","IA: Residency State Regulation [Yes/No]","IA: Running Average Thermal Limit [Yes/No]","IA: VR Thermal Alert [Yes/No]","IA: VR TDC [Yes/No]","IA: Electrical Design Point/Other (ICCmax,PL4,SVID,DDR RAPL) [Yes/No]","IA: Package-Level RAPL/PBM PL1 [Yes/No]","IA: Package-Level RAPL/PBM PL2,PL3 [Yes/No]","IA: Max Turbo Limit [Yes/No]","IA: Turbo Attenuation (MCT) [Yes/No]","GT: Thermal Event [Yes/No]","GT: DDR RAPL [Yes/No]","GT: Residency State Regulation [Yes/No]","GT: Running Average Thermal Limit [Yes/No]","GT: VR Thermal Alert [Yes/No]","GT: VR TDC [Yes/No]","GT: Max VR Voltage, ICCmax, PL4 [Yes/No]","GT: Domain-Level PBM PLGT [Yes/No]","GT: Package-Level RAPL/PBM PL1 [Yes/No]","GT: Package-Level RAPL/PBM PL2,PL3 [Yes/No]","GT: Inefficient Operation [Yes/No]","GT: Fuses limit [Yes/No]","RING: VR Thermal Alert [Yes/No]","RING: VR TDC [Yes/No]","RING: Max VR Voltage, ICCmax, PL4 [Yes/No]","RING: Package-Level RAPL/PBM PL1 [Yes/No]","RING: Package-Level RAPL/PBM PL2,PL3 [Yes/No]","Drive Temperature [°C]","Drive Remaining Life [%]","Drive Failure [Yes/No]","Drive Warning [Yes/No]","Total Host Writes [GB]","Total Host Reads [GB]","Drive Temperature [°C]","Drive Remaining Life [%]","Drive Failure [Yes/No]","Drive Warning [Yes/No]","Total Host Writes [GB]","Total Host Reads [GB]","Read Activity [%]","Write Activity [%]","Total Activity [%]","Read Rate [MB/s]","Write Rate [MB/s]","Read Total [MB]","Write Total [MB]","Battery Voltage [V]","Remaining Capacity [Wh]","Charge Level [%]","Wear Level [%]","Framerate [FPS]","Total DL [MB]","Total UP [MB]","Current DL rate [KB/s]","Current UP rate [KB/s]","Total Errors []",
,,System: HP HP Laptop 15-dy1xxx,System: HP HP Laptop 15-dy1xxx,System: HP HP Laptop 15-dy1xxx,System: HP HP Laptop 15-dy1xxx,System: HP HP Laptop 15-dy1xxx,System: HP HP Laptop 15-dy1xxx,System: HP HP Laptop 15-dy1xxx,CPU [#0]: Intel Core i5-1035G1,CPU [#0]: Intel Core i5-1035G1,CPU [#0]: Intel Core i5-1035G1,CPU [#0]: Intel Core i5-1035G1,CPU [#0]: Intel Core i5-1035G1,CPU [#0]: Intel Core i5-1035G1,CPU [#0]: Intel Core i5-1035G1,CPU [#0]: Intel Core i5-1035G1,CPU [#0]: Intel Core i5-1035G1,CPU [#0]: Intel Core i5-1035G1,CPU [#0]: Intel Core i5-1035G1,CPU [#0]: Intel Core i5-1035G1,CPU [#0]: Intel Core i5-1035G1,CPU [#0]: Intel Core i5-1035G1,CPU [#0]: Intel Core i5-1035G1,CPU [#0]: Intel Core i5-1035G1,CPU [#0]: Intel Core i5-1035G1,CPU [#0]: Intel Core i5-1035G1,CPU [#0]: Intel Core i5-1035G1,CPU [#0]: Intel Core i5-1035G1,CPU [#0]: Intel Core i5-1035G1,CPU [#0]: Intel Core i5-1035G1,CPU [#0]: Intel Core i5-1035G1,CPU [#0]: Intel Core i5-1035G1,CPU [#0]: Intel Core i5-1035G1,CPU [#0]: Intel Core i5-1035G1,CPU [#0]: Intel Core i5-1035G1,CPU [#0]: Intel Core i5-1035G1,CPU [#0]: Intel Core i5-1035G1,CPU [#0]: Intel Core i5-1035G1,CPU [#0]: Intel Core i5-1035G1,CPU [#0]: Intel Core i5-1035G1,CPU [#0]: Intel Core i5-1035G1,CPU [#0]: Intel Core i5-1035G1,CPU [#0]: Intel Core i5-1035G1,CPU [#0]: Intel Core i5-1035G1,CPU [#0]: Intel Core i5-1035G1,CPU [#0]: Intel Core i5-1035G1,CPU [#0]: Intel Core i5-1035G1: DTS,CPU [#0]: Intel Core i5-1035G1: DTS,CPU [#0]: Intel Core i5-1035G1: DTS,CPU [#0]: Intel Core i5-1035G1: DTS,CPU [#0]: Intel Core i5-1035G1: DTS,CPU [#0]: Intel Core i5-1035G1: DTS,CPU [#0]: Intel Core i5-1035G1: DTS,CPU [#0]: Intel Core i5-1035G1: DTS,CPU [#0]: Intel Core i5-1035G1: DTS,CPU [#0]: Intel Core i5-1035G1: DTS,CPU [#0]: Intel Core i5-1035G1: DTS,CPU [#0]: Intel Core i5-1035G1: DTS,CPU [#0]: Intel Core i5-1035G1: DTS,CPU [#0]: Intel Core i5-1035G1: DTS,CPU [#0]: Intel Core i5-1035G1: DTS,CPU [#0]: Intel Core i5-1035G1: DTS,CPU [#0]: Intel Core i5-1035G1: DTS,CPU [#0]: Intel Core i5-1035G1: DTS,CPU [#0]: Intel Core i5-1035G1: DTS,CPU [#0]: Intel Core i5-1035G1: DTS,CPU [#0]: Intel Core i5-1035G1: DTS,CPU [#0]: Intel Core i5-1035G1: DTS,CPU [#0]: Intel Core i5-1035G1: DTS,CPU [#0]: Intel Core i5-1035G1: DTS,CPU [#0]: Intel Core i5-1035G1: DTS,CPU [#0]: Intel Core i5-1035G1: Enhanced,CPU [#0]: Intel Core i5-1035G1: Enhanced,CPU [#0]: Intel Core i5-1035G1: Enhanced,CPU [#0]: Intel Core i5-1035G1: Enhanced,CPU [#0]: Intel Core i5-1035G1: Enhanced,CPU [#0]: Intel Core i5-1035G1: Enhanced,CPU [#0]: Intel Core i5-1035G1: Enhanced,CPU [#0]: Intel Core i5-1035G1: Enhanced,CPU [#0]: Intel Core i5-1035G1: Enhanced,CPU [#0]: Intel Core i5-1035G1: Enhanced,CPU [#0]: Intel Core i5-1035G1: Enhanced,CPU [#0]: Intel Core i5-1035G1: Enhanced,CPU [#0]: Intel Core i5-1035G1: Enhanced,CPU [#0]: Intel Core i5-1035G1: Enhanced,CPU [#0]: Intel Core i5-1035G1: Enhanced,CPU [#0]: Intel Core i5-1035G1: Enhanced,CPU [#0]: Intel Core i5-1035G1: Enhanced,CPU [#0]: Intel Core i5-1035G1: Enhanced,CPU [#0]: Intel Core i5-1035G1: Enhanced,CPU [#0]: Intel Core i5-1035G1: Enhanced,CPU [#0]: Intel Core i5-1035G1: Enhanced,CPU [#0]: Intel Core i5-1035G1: Enhanced,CPU [#0]: Intel Core i5-1035G1: Enhanced,CPU [#0]: Intel Core i5-1035G1: Enhanced,CPU [#0]: Intel Core i5-1035G1: Enhanced,CPU [#0]: Intel Core i5-1035G1: C-State Residency,CPU [#0]: Intel Core i5-1035G1: C-State Residency,CPU [#0]: Intel Core i5-1035G1: C-State Residency,CPU [#0]: Intel Core i5-1035G1: C-State Residency,CPU [#0]: Intel Core i5-1035G1: C-State Residency,CPU [#0]: Intel Core i5-1035G1: C-State Residency,CPU [#0]: Intel Core i5-1035G1: C-State Residency,CPU [#0]: Intel Core i5-1035G1: C-State Residency,CPU [#0]: Intel Core i5-1035G1: C-State Residency,CPU [#0]: Intel Core i5-1035G1: C-State Residency,CPU [#0]: Intel Core i5-1035G1: C-State Residency,CPU [#0]: Intel Core i5-1035G1: C-State Residency,CPU [#0]: Intel Core i5-1035G1: C-State Residency,CPU [#0]: Intel Core i5-1035G1: C-State Residency,CPU [#0]: Intel Core i5-1035G1: C-State Residency,CPU [#0]: Intel Core i5-1035G1: C-State Residency,CPU [#0]: Intel Core i5-1035G1: C-State Residency,Memory Timings,Memory Timings,Memory Timings,Memory Timings,Memory Timings,Memory Timings,Memory Timings,Memory Timings,CPU [#0]: Intel Core i5-1035G1: Performance Limit Reasons,CPU [#0]: Intel Core i5-1035G1: Performance Limit Reasons,CPU [#0]: Intel Core i5-1035G1: Performance Limit Reasons,CPU [#0]: Intel Core i5-1035G1: Performance Limit Reasons,CPU [#0]: Intel Core i5-1035G1: Performance Limit Reasons,CPU [#0]: Intel Core i5-1035G1: Performance Limit Reasons,CPU [#0]: Intel Core i5-1035G1: Performance Limit Reasons,CPU [#0]: Intel Core i5-1035G1: Performance Limit Reasons,CPU [#0]: Intel Core i5-1035G1: Performance Limit Reasons,CPU [#0]: Intel Core i5-1035G1: Performance Limit Reasons,CPU [#0]: Intel Core i5-1035G1: Performance Limit Reasons,CPU [#0]: Intel Core i5-1035G1: Performance Limit Reasons,CPU [#0]: Intel Core i5-1035G1: Performance Limit Reasons,CPU [#0]: Intel Core i5-1035G1: Performance Limit Reasons,CPU [#0]: Intel Core i5-1035G1: Performance Limit Reasons,CPU [#0]: Intel Core i5-1035G1: Performance Limit Reasons,CPU [#0]: Intel Core i5-1035G1: Performance Limit Reasons,CPU [#0]: Intel Core i5-1035G1: Performance Limit Reasons,CPU [#0]: Intel Core i5-1035G1: Performance Limit Reasons,CPU [#0]: Intel Core i5-1035G1: Performance Limit Reasons,CPU [#0]: Intel Core i5-1035G1: Performance Limit Reasons,CPU [#0]: Intel Core i5-1035G1: Performance Limit Reasons,CPU [#0]: Intel Core i5-1035G1: Performance Limit Reasons,CPU [#0]: Intel Core i5-1035G1: Performance Limit Reasons,CPU [#0]: Intel Core i5-1035G1: Performance Limit Reasons,CPU [#0]: Intel Core i5-1035G1: Performance Limit Reasons,CPU [#0]: Intel Core i5-1035G1: Performance Limit Reasons,CPU [#0]: Intel Core i5-1035G1: Performance Limit Reasons,S.M.A.R.T.: INTEL HBRPEKNX0101AHO (PHTE945100DL256D-2),S.M.A.R.T.: INTEL HBRPEKNX0101AHO (PHTE945100DL256D-2),S.M.A.R.T.: INTEL HBRPEKNX0101AHO (PHTE945100DL256D-2),S.M.A.R.T.: INTEL HBRPEKNX0101AHO (PHTE945100DL256D-2),S.M.A.R.T.: INTEL HBRPEKNX0101AHO (PHTE945100DL256D-2),S.M.A.R.T.: INTEL HBRPEKNX0101AHO (PHTE945100DL256D-2),S.M.A.R.T.: INTEL HBRPEKNX0101AH (PHTE945100DL256D-1),S.M.A.R.T.: INTEL HBRPEKNX0101AH (PHTE945100DL256D-1),S.M.A.R.T.: INTEL HBRPEKNX0101AH (PHTE945100DL256D-1),S.M.A.R.T.: INTEL HBRPEKNX0101AH (PHTE945100DL256D-1),S.M.A.R.T.: INTEL HBRPEKNX0101AH (PHTE945100DL256D-1),S.M.A.R.T.: INTEL HBRPEKNX0101AH (PHTE945100DL256D-1),Drive:  (),Drive:  (),Drive:  (),Drive:  (),Drive:  (),Drive:  (),Drive:  (),Battery: HP Primary,Battery: HP Primary,Battery: HP Primary,Battery: HP Primary,RTSS,Network: RealTek Semiconductor, Device ID: C821,Network: RealTek Semiconductor, Device ID: C821,Network: RealTek Semiconductor, Device ID: C821,Network: RealTek Semiconductor, Device ID: C821,Windows Hardware Errors (WHEA),
